Using pre-set license
Built from '2020.3/staging' branch; Version is '2020.3.0f1 (c7b5465681fb) revision 13088070'; Using compiler version '192528614'; Build Type 'Release'
OS: 'Windows 10 Pro; OS build 22631.6199; Version 2009; 64bit' Language: 'es' Physical Memory: 32581 MB
BatchMode: 1, IsHumanControllingUs: 0, StartBugReporterOnCrash: 0, Is64bit: 1, IsPro: 0

 COMMAND LINE ARGUMENTS:
C:\Program Files\Unity\Hub\Editor\2020.3.0f1\Editor\Unity.exe
-adb2
-batchMode
-noUpm
-name
AssetImportWorker0
-projectPath
C:/Users/MARIANA/Documents/GitHub/Diseño_de_sonido/disñeo_sonoro final
-logFile
Logs/AssetImportWorker0.log
-srvPort
58903
Successfully changed project path to: C:/Users/MARIANA/Documents/GitHub/Diseño_de_sonido/disñeo_sonoro final
C:/Users/MARIANA/Documents/GitHub/Diseño_de_sonido/disñeo_sonoro final
Using Asset Import Pipeline V2.
Refreshing native plugins compatible for Editor in 43.46 ms, found 4 plugins.
Preloading 0 native plugins for Editor in 0.00 ms.
Initialize engine version: 2020.3.0f1 (c7b5465681fb)
[Subsystems] Discovering subsystems at path C:/Program Files/Unity/Hub/Editor/2020.3.0f1/Editor/Data/Resources/UnitySubsystems
[Subsystems] Discovering subsystems at path C:/Users/MARIANA/Documents/GitHub/Diseño_de_sonido/disñeo_sonoro final/Assets
GfxDevice: creating device client; threaded=0
Direct3D:
    Version:  Direct3D 11.0 [level 11.1]
    Renderer: NVIDIA GeForce RTX 4060 Ti (ID=0x2803)
    Vendor:   
    VRAM:     7949 MB
    Driver:   32.0.15.9649
Initialize mono
Mono path[0] = 'C:/Program Files/Unity/Hub/Editor/2020.3.0f1/Editor/Data/Managed'
Mono path[1] = 'C:/Program Files/Unity/Hub/Editor/2020.3.0f1/Editor/Data/MonoBleedingEdge/lib/mono/unityjit'
Mono config path = 'C:/Program Files/Unity/Hub/Editor/2020.3.0f1/Editor/Data/MonoBleedingEdge/etc'
Using monoOptions --debugger-agent=transport=dt_socket,embedding=1,server=y,suspend=n,address=127.0.0.1:56140
Begin MonoManager ReloadAssembly
Registering precompiled unity dll's ...
Register platform support module: C:/Program Files/Unity/Hub/Editor/2020.3.0f1/Editor/Data/PlaybackEngines/WindowsStandaloneSupport/UnityEditor.WindowsStandalone.Extensions.dll
Registered in 0.000793 seconds.
Native extension for WindowsStandalone target not found
Refreshing native plugins compatible for Editor in 33.22 ms, found 4 plugins.
Preloading 0 native plugins for Editor in 0.00 ms.
Invoked RoslynAnalysisRunner static constructor.
RoslynAnalysisRunner will not be running.
RoslynAnalysisRunner has terminated.
Mono: successfully reloaded assembly
- Completed reload, in  1.122 seconds
Platform modules already initialized, skipping
Registering precompiled user dll's ...
Registered in 0.003627 seconds.
Begin MonoManager ReloadAssembly
Native extension for WindowsStandalone target not found
Refreshing native plugins compatible for Editor in 33.88 ms, found 4 plugins.
Preloading 0 native plugins for Editor in 0.00 ms.
Invoked RoslynAnalysisRunner static constructor.
RoslynAnalysisRunner will not be running.
RoslynAnalysisRunner has terminated.
Mono: successfully reloaded assembly
- Completed reload, in  0.984 seconds
Platform modules already initialized, skipping
========================================================================
Worker process is ready to serve import requests
Launched and connected shader compiler UnityShaderCompiler.exe after 0.03 seconds
Refreshing native plugins compatible for Editor in 0.72 ms, found 4 plugins.
Preloading 0 native plugins for Editor in 0.00 ms.
Unloading 2627 Unused Serialized files (Serialized files now loaded: 0)
System memory in use before: 122.4 MB.
System memory in use after: 122.5 MB.

Unloading 98 unused Assets to reduce memory usage. Loaded Objects now: 2990.
Total: 1.822400 ms (FindLiveObjects: 0.179700 ms CreateObjectMapping: 0.071300 ms MarkObjects: 1.487900 ms  DeleteObjects: 0.082500 ms)

========================================================================
Received Import Request.
  path: Assets/Karting/Scripts
  artifactKey: Guid(be811868f362849ba9f53bd143281996) Importer(815301076,1909f56bfc062723c751e8b465ee728b)
Start importing Assets/Karting/Scripts using Guid(be811868f362849ba9f53bd143281996) Importer(815301076,1909f56bfc062723c751e8b465ee728b)  -> (artifact id: '0488b924dbec45e453c9047e433602e3') in 0.011628 seconds
  Import took 0.014888 seconds .

========================================================================
Received Import Request.
  Time since last request: 0.000157 seconds.
  path: Assets/Karting/Scripts/KartGame.asmdef
  artifactKey: Guid(a54b96d5ddd2c488aadb7e2cb0921b9b) Importer(815301076,1909f56bfc062723c751e8b465ee728b)
Start importing Assets/Karting/Scripts/KartGame.asmdef using Guid(a54b96d5ddd2c488aadb7e2cb0921b9b) Importer(815301076,1909f56bfc062723c751e8b465ee728b)  -> (artifact id: 'fafb5d707f7ecfbae6eccdc3167ec676') in 0.036648 seconds
  Import took 0.039421 seconds .

========================================================================
Received Import Request.
  Time since last request: 0.419058 seconds.
  path: Assets/Karting/Scripts/AudioManager.cs
  artifactKey: Guid(1d54177cab788734b8ecb4674c6e5328) Importer(815301076,1909f56bfc062723c751e8b465ee728b)
Start importing Assets/Karting/Scripts/AudioManager.cs using Guid(1d54177cab788734b8ecb4674c6e5328) Importer(815301076,1909f56bfc062723c751e8b465ee728b)  -> (artifact id: 'e2f6fae57c85e7b4ea1f8c1c58a7f38a') in 0.020621 seconds
  Import took 0.023200 seconds .

========================================================================
Received Import Request.
  Time since last request: 7.588104 seconds.
  path: Assets/Karting/Scripts/UI
  artifactKey: Guid(0294f59cceb019b43953bcfa7d10dfb8) Importer(815301076,1909f56bfc062723c751e8b465ee728b)
Start importing Assets/Karting/Scripts/UI using Guid(0294f59cceb019b43953bcfa7d10dfb8) Importer(815301076,1909f56bfc062723c751e8b465ee728b)  -> (artifact id: '30e1d5961145c201df17ee5051148477') in 0.010881 seconds
  Import took 0.013959 seconds .

========================================================================
Received Import Request.
  Time since last request: 24.614781 seconds.
  path: Assets/Karting/Art/Models/BowlingPin.fbx
  artifactKey: Guid(3760fc2bfbb77904ab1a129dbed3c531) Importer(815301076,1909f56bfc062723c751e8b465ee728b)
Start importing Assets/Karting/Art/Models/BowlingPin.fbx using Guid(3760fc2bfbb77904ab1a129dbed3c531) Importer(815301076,1909f56bfc062723c751e8b465ee728b)  -> (artifact id: '9e9b4c360d62bbc36f6e776e66c4ae4b') in 0.148005 seconds
  Import took 0.150807 seconds .

========================================================================
Received Import Request.
  Time since last request: 0.000148 seconds.
  path: Assets/Karting/Art/Models/Pipe.fbx
  artifactKey: Guid(4a17d942f49fa4e49ae899122b72e91d) Importer(815301076,1909f56bfc062723c751e8b465ee728b)
Start importing Assets/Karting/Art/Models/Pipe.fbx using Guid(4a17d942f49fa4e49ae899122b72e91d) Importer(815301076,1909f56bfc062723c751e8b465ee728b)  -> (artifact id: '867c354ba8a9bcaae7e3fc7b2326da41') in 0.029295 seconds
  Import took 0.031974 seconds .

========================================================================
Received Import Request.
  Time since last request: 0.000202 seconds.
  path: Assets/Mod Assets/3DProps/AncientProps/Pillar.fbx
  artifactKey: Guid(44e1bc51d0853468d8baf487909db950) Importer(815301076,1909f56bfc062723c751e8b465ee728b)
Start importing Assets/Mod Assets/3DProps/AncientProps/Pillar.fbx using Guid(44e1bc51d0853468d8baf487909db950) Importer(815301076,1909f56bfc062723c751e8b465ee728b)  -> (artifact id: 'e91372a17973222f7f1fee517f9d1a7c') in 0.058240 seconds
  Import took 0.060854 seconds .

========================================================================
Received Import Request.
  Time since last request: 0.000143 seconds.
  path: Assets/Karting/ModularTrackKit/Prefabs/ModularTrackSpiralLeft.prefab
  artifactKey: Guid(89547b15363d64495b3ff832130f0a8e) Importer(815301076,1909f56bfc062723c751e8b465ee728b)
Start importing Assets/Karting/ModularTrackKit/Prefabs/ModularTrackSpiralLeft.prefab using Guid(89547b15363d64495b3ff832130f0a8e) Importer(815301076,1909f56bfc062723c751e8b465ee728b)  -> (artifact id: '329f2aa171a76a00c53d3aea3fe5885e') in 0.029377 seconds
  Import took 0.032000 seconds .

========================================================================
Received Import Request.
  Time since last request: 0.000147 seconds.
  path: Assets/Karting/Art/Models/Kart_Classic/KartClassic_Piece.FBX
  artifactKey: Guid(f646448445cac684aa700a02a5b06ae5) Importer(815301076,1909f56bfc062723c751e8b465ee728b)
Start importing Assets/Karting/Art/Models/Kart_Classic/KartClassic_Piece.FBX using Guid(f646448445cac684aa700a02a5b06ae5) Importer(815301076,1909f56bfc062723c751e8b465ee728b)  -> (artifact id: '0bd136d6ed1c67aba9cd7eb7d7cbff9c') in 0.080093 seconds
  Import took 0.082840 seconds .

========================================================================
Received Import Request.
  Time since last request: 0.000160 seconds.
  path: Assets/Karting/Audio/MainAudioMixer.mixer
  artifactKey: Guid(fcc71635aab95ff4fbdf1880bf2afa2f) Importer(815301076,1909f56bfc062723c751e8b465ee728b)
Start importing Assets/Karting/Audio/MainAudioMixer.mixer using Guid(fcc71635aab95ff4fbdf1880bf2afa2f) Importer(815301076,1909f56bfc062723c751e8b465ee728b)  -> (artifact id: '53d43e542b4bd42605e03baf6d503783') in 0.009911 seconds
  Import took 0.013168 seconds .

========================================================================
Received Import Request.
  Time since last request: 0.000148 seconds.
  path: Assets/Karting/ModularTrackKit/Prefabs/ModularTrackSpiralRight.prefab
  artifactKey: Guid(291ac874e44fb46a1a05a1815cfc4f52) Importer(815301076,1909f56bfc062723c751e8b465ee728b)
Start importing Assets/Karting/ModularTrackKit/Prefabs/ModularTrackSpiralRight.prefab using Guid(291ac874e44fb46a1a05a1815cfc4f52) Importer(815301076,1909f56bfc062723c751e8b465ee728b)  -> (artifact id: '82c7e67a1238aa188390717f69ce5aa7') in 0.014581 seconds
  Import took 0.017708 seconds .

========================================================================
Received Import Request.
  Time since last request: 0.000170 seconds.
  path: Assets/Karting/ModularTrackKit/Models/ModularTrackSpiralRight.fbx
  artifactKey: Guid(c7a29af1540b44b788f2c5e5cafe7a7c) Importer(815301076,1909f56bfc062723c751e8b465ee728b)
Start importing Assets/Karting/ModularTrackKit/Models/ModularTrackSpiralRight.fbx using Guid(c7a29af1540b44b788f2c5e5cafe7a7c) Importer(815301076,1909f56bfc062723c751e8b465ee728b)  -> (artifact id: 'a9edb746eada797d9bcfe84eb56e154a') in 0.024218 seconds
  Import took 0.026869 seconds .

========================================================================
Received Import Request.
  Time since last request: 0.000149 seconds.
  path: Assets/Karting/ModularTrackKit/Models/ModularTrackSpiralLeft.fbx
  artifactKey: Guid(5830767f6fba8446ebc1160d406849b5) Importer(815301076,1909f56bfc062723c751e8b465ee728b)
Start importing Assets/Karting/ModularTrackKit/Models/ModularTrackSpiralLeft.fbx using Guid(5830767f6fba8446ebc1160d406849b5) Importer(815301076,1909f56bfc062723c751e8b465ee728b)  -> (artifact id: '7ebce6b5a7ac443b439b19c1e073f71d') in 0.035285 seconds
  Import took 0.038097 seconds .

========================================================================
Received Import Request.
  Time since last request: 0.000141 seconds.
  path: Assets/Karting/Art/Materials/Props/Pin_Red.mat
  artifactKey: Guid(e3ae0df89dafc744ab6d48a011bf923b) Importer(815301076,1909f56bfc062723c751e8b465ee728b)
Start importing Assets/Karting/Art/Materials/Props/Pin_Red.mat using Guid(e3ae0df89dafc744ab6d48a011bf923b) Importer(815301076,1909f56bfc062723c751e8b465ee728b)  -> (artifact id: '529dc1c4c640fa2041efedd748ac17e3') in 0.018870 seconds
  Import took 0.021459 seconds .

========================================================================
Received Import Request.
  Time since last request: 0.000156 seconds.
  path: Assets/Karting/Art/Materials/Props/Pin_White.mat
  artifactKey: Guid(1aa7921302d0d584aba9f0ba2fed9277) Importer(815301076,1909f56bfc062723c751e8b465ee728b)
Start importing Assets/Karting/Art/Materials/Props/Pin_White.mat using Guid(1aa7921302d0d584aba9f0ba2fed9277) Importer(815301076,1909f56bfc062723c751e8b465ee728b)  -> (artifact id: 'f521168f770349bfbaad034c391e0d20') in 0.012751 seconds
  Import took 0.015485 seconds .

========================================================================
Received Import Request.
  Time since last request: 0.000296 seconds.
  path: Assets/Karting/Art/Materials/Props/Pin_White.mat
  artifactKey: Guid(1aa7921302d0d584aba9f0ba2fed9277) Importer(815301076,1909f56bfc062723c751e8b465ee728b)
Start importing Assets/Karting/Art/Materials/Props/Pin_White.mat using Guid(1aa7921302d0d584aba9f0ba2fed9277) Importer(815301076,1909f56bfc062723c751e8b465ee728b)  -> (artifact id: 'f521168f770349bfbaad034c391e0d20') in 0.006075 seconds
  Import took 0.008717 seconds .

========================================================================
Received Import Request.
  Time since last request: 5.982413 seconds.
  path: Assets/Karting/Scripts/Editor/ShaderBuildStripping.cs
  artifactKey: Guid(dac7d39682c10044695d8cda9fe08678) Importer(815301076,1909f56bfc062723c751e8b465ee728b)
Start importing Assets/Karting/Scripts/Editor/ShaderBuildStripping.cs using Guid(dac7d39682c10044695d8cda9fe08678) Importer(815301076,1909f56bfc062723c751e8b465ee728b)  -> (artifact id: '7a8040e94b056bdac5d535aa9e6ffaa3') in 0.009279 seconds
  Import took 0.012030 seconds .

========================================================================
Received Import Request.
  Time since last request: 0.693936 seconds.
  path: Assets/Karting/Scripts/GameModes/PickupObject.cs
  artifactKey: Guid(3040ab54725a14c71b621ec50010fc37) Importer(815301076,1909f56bfc062723c751e8b465ee728b)
Start importing Assets/Karting/Scripts/GameModes/PickupObject.cs using Guid(3040ab54725a14c71b621ec50010fc37) Importer(815301076,1909f56bfc062723c751e8b465ee728b)  -> (artifact id: 'adb1e7d1c4910de8e3da9a86c00e86dd') in 0.009541 seconds
  Import took 0.012319 seconds .

========================================================================
Received Import Request.
  Time since last request: 305.578371 seconds.
  path: Assets/Karting/ScriptableObjects/GameMessageGeneric.asset
  artifactKey: Guid(4f09a4fe2b79f494cb4b65e27102ddd2) Importer(815301076,1909f56bfc062723c751e8b465ee728b)
Start importing Assets/Karting/ScriptableObjects/GameMessageGeneric.asset using Guid(4f09a4fe2b79f494cb4b65e27102ddd2) Importer(815301076,1909f56bfc062723c751e8b465ee728b)  -> (artifact id: '924d1f30522f2795688eccf6cf8c6f22') in 0.032599 seconds
  Import took 0.036205 seconds .

========================================================================
Received Import Request.
  Time since last request: 0.000234 seconds.
  path: Assets/Karting/ScriptableObjects/ObjectiveToastSecondary.asset
  artifactKey: Guid(d8b9f915b44d44383b11beec3038475a) Importer(815301076,1909f56bfc062723c751e8b465ee728b)
Start importing Assets/Karting/ScriptableObjects/ObjectiveToastSecondary.asset using Guid(d8b9f915b44d44383b11beec3038475a) Importer(815301076,1909f56bfc062723c751e8b465ee728b)  -> (artifact id: '3998918d583cc0fd3e6e32a231b2ded0') in 0.014821 seconds
  Import took 0.017993 seconds .

========================================================================
Received Import Request.
  Time since last request: 0.000147 seconds.
  path: Assets/Karting/ScriptableObjects/NotificationPrefab.asset
  artifactKey: Guid(0d982485d3a954f87b928edc95b7f622) Importer(815301076,1909f56bfc062723c751e8b465ee728b)
Start importing Assets/Karting/ScriptableObjects/NotificationPrefab.asset using Guid(0d982485d3a954f87b928edc95b7f622) Importer(815301076,1909f56bfc062723c751e8b465ee728b)  -> (artifact id: '87e18e8acd1e7b47d6cfdbd7428cc5f1') in 0.015938 seconds
  Import took 0.018791 seconds .

========================================================================
Received Import Request.
  Time since last request: 0.000167 seconds.
  path: Assets/Karting/ScriptableObjects/WinGameMessage.asset
  artifactKey: Guid(ea52713838edf4cab911e165322b4a1c) Importer(815301076,1909f56bfc062723c751e8b465ee728b)
Start importing Assets/Karting/ScriptableObjects/WinGameMessage.asset using Guid(ea52713838edf4cab911e165322b4a1c) Importer(815301076,1909f56bfc062723c751e8b465ee728b)  -> (artifact id: '3340c3583072d5b388dcac9b61556b05') in 0.011630 seconds
  Import took 0.014734 seconds .

========================================================================
Received Import Request.
  Time since last request: 0.000145 seconds.
  path: Assets/Karting/ScriptableObjects/ObjectiveToastPrimary.asset
  artifactKey: Guid(7c1a71b285bc6430aa9606f40ed33a7a) Importer(815301076,1909f56bfc062723c751e8b465ee728b)
Start importing Assets/Karting/ScriptableObjects/ObjectiveToastPrimary.asset using Guid(7c1a71b285bc6430aa9606f40ed33a7a) Importer(815301076,1909f56bfc062723c751e8b465ee728b)  -> (artifact id: '25fbbed5b9d4a0fbe84268409fe878b6') in 0.010772 seconds
  Import took 0.013918 seconds .

========================================================================
Received Import Request.
  Time since last request: 0.000145 seconds.
  path: Assets/Karting/ScriptableObjects/TimeDisplayItem.asset
  artifactKey: Guid(662878078edcd354991f5fbb8c48cb2e) Importer(815301076,1909f56bfc062723c751e8b465ee728b)
Start importing Assets/Karting/ScriptableObjects/TimeDisplayItem.asset using Guid(662878078edcd354991f5fbb8c48cb2e) Importer(815301076,1909f56bfc062723c751e8b465ee728b)  -> (artifact id: '43d9c92cb16f80bd509187ee180e9ea5') in 0.016388 seconds
  Import took 0.019182 seconds .

========================================================================
Received Import Request.
  Time since last request: 38.214086 seconds.
  path: Assets/Karting/Scripts/AI/KartGame.AI.asmdef
  artifactKey: Guid(c3aefbb81b4ef42e58aa75666617a7b2) Importer(815301076,1909f56bfc062723c751e8b465ee728b)
Start importing Assets/Karting/Scripts/AI/KartGame.AI.asmdef using Guid(c3aefbb81b4ef42e58aa75666617a7b2) Importer(815301076,1909f56bfc062723c751e8b465ee728b)  -> (artifact id: '7e762bc03a6493e59fe6f587becd09ab') in 0.005836 seconds
  Import took 0.008508 seconds .

========================================================================
Received Import Request.
  Time since last request: 35.813571 seconds.
  path: Assets/Plugins/FMOD/FMODUnity.asmdef
  artifactKey: Guid(0c752da273b17c547ae705acf0f2adf2) Importer(815301076,1909f56bfc062723c751e8b465ee728b)
Start importing Assets/Plugins/FMOD/FMODUnity.asmdef using Guid(0c752da273b17c547ae705acf0f2adf2) Importer(815301076,1909f56bfc062723c751e8b465ee728b)  -> (artifact id: '68a6c81ec822baaeeb8c59db5115a8f4') in 0.015312 seconds
  Import took 0.018455 seconds .

========================================================================
Received Import Request.
  Time since last request: 3.557086 seconds.
  path: Assets/Karting/Scripts/AI/KartGame.AI.asmdef
  artifactKey: Guid(c3aefbb81b4ef42e58aa75666617a7b2) Importer(815301076,1909f56bfc062723c751e8b465ee728b)
Start importing Assets/Karting/Scripts/AI/KartGame.AI.asmdef using Guid(c3aefbb81b4ef42e58aa75666617a7b2) Importer(815301076,1909f56bfc062723c751e8b465ee728b)  -> (artifact id: '17ce2dc59310d6c912c98f1607246d25') in 0.001794 seconds
  Import took 0.004537 seconds .

========================================================================
Received Import Request.
  Time since last request: 0.029177 seconds.
  path: Assets/Karting/Scripts/AI/KartGame.AI.asmdef
  artifactKey: Guid(c3aefbb81b4ef42e58aa75666617a7b2) Importer(815301076,1909f56bfc062723c751e8b465ee728b)
Start importing Assets/Karting/Scripts/AI/KartGame.AI.asmdef using Guid(c3aefbb81b4ef42e58aa75666617a7b2) Importer(815301076,1909f56bfc062723c751e8b465ee728b)  -> (artifact id: '17ce2dc59310d6c912c98f1607246d25') in 0.003424 seconds
  Import took 0.006367 seconds .

========================================================================
Received Prepare
Registering precompiled user dll's ...
Registered in 0.003087 seconds.
Begin MonoManager ReloadAssembly
Native extension for WindowsStandalone target not found
Refreshing native plugins compatible for Editor in 0.74 ms, found 4 plugins.
Preloading 0 native plugins for Editor in 0.00 ms.
Invoked RoslynAnalysisRunner static constructor.
RoslynAnalysisRunner will not be running.
RoslynAnalysisRunner has terminated.
Mono: successfully reloaded assembly
- Completed reload, in  0.595 seconds
Platform modules already initialized, skipping
Refreshing native plugins compatible for Editor in 0.69 ms, found 4 plugins.
Preloading 0 native plugins for Editor in 0.00 ms.
Unloading 2559 Unused Serialized files (Serialized files now loaded: 0)
System memory in use before: 121.1 MB.
System memory in use after: 121.3 MB.

Unloading 94 unused Assets to reduce memory usage. Loaded Objects now: 3036.
Total: 1.759100 ms (FindLiveObjects: 0.160100 ms CreateObjectMapping: 0.051300 ms MarkObjects: 1.491000 ms  DeleteObjects: 0.055800 ms)

========================================================================
Received Import Request.
  Time since last request: 225.327664 seconds.
  path: Assets/Karting/Scenes
  artifactKey: Guid(2d9368ff4695049bc9d47fc5d53d88a0) Importer(815301076,1909f56bfc062723c751e8b465ee728b)
Start importing Assets/Karting/Scenes using Guid(2d9368ff4695049bc9d47fc5d53d88a0) Importer(815301076,1909f56bfc062723c751e8b465ee728b)  -> (artifact id: 'fc0634f9e64cf3dd4062d17ff09ca21d') in 0.013876 seconds
  Import took 0.017207 seconds .

========================================================================
Received Import Request.
  Time since last request: 98.883625 seconds.
  path: Assets/Karting/Tutorials/4 Add a Jump/4 Add a Jump.asset
  artifactKey: Guid(351b553575cb34b12945f5996095329d) Importer(815301076,1909f56bfc062723c751e8b465ee728b)
Start importing Assets/Karting/Tutorials/4 Add a Jump/4 Add a Jump.asset using Guid(351b553575cb34b12945f5996095329d) Importer(815301076,1909f56bfc062723c751e8b465ee728b)  -> (artifact id: '0d8201423c376843b400a92386c746b5') in 0.120676 seconds
  Import took 0.124193 seconds .

========================================================================
Received Import Request.
  Time since last request: 0.000153 seconds.
  path: Assets/Karting/Tutorials/4 Add a Jump/Add a Jump 005.asset
  artifactKey: Guid(a3c0acd3a97a8464ea283a617b2bb20c) Importer(815301076,1909f56bfc062723c751e8b465ee728b)
Start importing Assets/Karting/Tutorials/4 Add a Jump/Add a Jump 005.asset using Guid(a3c0acd3a97a8464ea283a617b2bb20c) Importer(815301076,1909f56bfc062723c751e8b465ee728b)  -> (artifact id: 'df52364c529115fc2c54acfd85925966') in 0.009216 seconds
  Import took 0.011914 seconds .

========================================================================
Received Import Request.
  Time since last request: 0.000265 seconds.
  path: Assets/Karting/Tutorials/5 Build and Publish/5 Build and Publish.asset
  artifactKey: Guid(c122a1a2efeb58349b8154e42481067b) Importer(815301076,1909f56bfc062723c751e8b465ee728b)
Start importing Assets/Karting/Tutorials/5 Build and Publish/5 Build and Publish.asset using Guid(c122a1a2efeb58349b8154e42481067b) Importer(815301076,1909f56bfc062723c751e8b465ee728b)  -> (artifact id: '7cddfacb57bfcce720c4c79128e32009') in 0.080772 seconds
  Import took 0.084128 seconds .

========================================================================
Received Import Request.
  Time since last request: 0.000130 seconds.
  path: Assets/Karting/Tutorials/4 Add a Jump/Add a Jump 006 - delete.asset
  artifactKey: Guid(1646972b18d5d4223ae5eddd7419a5cb) Importer(815301076,1909f56bfc062723c751e8b465ee728b)
Start importing Assets/Karting/Tutorials/4 Add a Jump/Add a Jump 006 - delete.asset using Guid(1646972b18d5d4223ae5eddd7419a5cb) Importer(815301076,1909f56bfc062723c751e8b465ee728b)  -> (artifact id: '1e83c470bc96dba24f361b605aecc7a2') in 0.015021 seconds
  Import took 0.017637 seconds .

========================================================================
Received Import Request.
  Time since last request: 4.725442 seconds.
  path: Assets/Karting/Tutorials/4 Add a Jump/Add a Jump 020.asset
  artifactKey: Guid(be261f07c71d3462bbf00524e82591ad) Importer(815301076,1909f56bfc062723c751e8b465ee728b)
Start importing Assets/Karting/Tutorials/4 Add a Jump/Add a Jump 020.asset using Guid(be261f07c71d3462bbf00524e82591ad) Importer(815301076,1909f56bfc062723c751e8b465ee728b)  -> (artifact id: '2bcf1152c560a54e9a689d2c17dd9a21') in 0.018335 seconds
  Import took 0.021110 seconds .

========================================================================
Received Import Request.
  Time since last request: 0.000196 seconds.
  path: Assets/Karting/Tutorials/4 Add a Jump/Add a Jump 025.asset
  artifactKey: Guid(925c9c088984d4481ba4151bb9eba820) Importer(815301076,1909f56bfc062723c751e8b465ee728b)
Start importing Assets/Karting/Tutorials/4 Add a Jump/Add a Jump 025.asset using Guid(925c9c088984d4481ba4151bb9eba820) Importer(815301076,1909f56bfc062723c751e8b465ee728b)  -> (artifact id: 'e834a90067d57c924f97014783c2240d') in 0.014700 seconds
  Import took 0.017347 seconds .

========================================================================
Received Import Request.
  Time since last request: 0.000147 seconds.
  path: Assets/Karting/Tutorials/4 Add a Jump/Add a Jump 035.asset
  artifactKey: Guid(423bbef88c09e457caf11e626b5039fa) Importer(815301076,1909f56bfc062723c751e8b465ee728b)
Start importing Assets/Karting/Tutorials/4 Add a Jump/Add a Jump 035.asset using Guid(423bbef88c09e457caf11e626b5039fa) Importer(815301076,1909f56bfc062723c751e8b465ee728b)  -> (artifact id: 'bf67ec285236b0613d931056e71be3e0') in 0.013233 seconds
  Import took 0.016044 seconds .

========================================================================
Received Import Request.
  Time since last request: 0.000145 seconds.
  path: Assets/Karting/Tutorials/4 Add a Jump/Add a Jump 032.asset
  artifactKey: Guid(9e40b27755e7c417bb209bc003d8b464) Importer(815301076,1909f56bfc062723c751e8b465ee728b)
Start importing Assets/Karting/Tutorials/4 Add a Jump/Add a Jump 032.asset using Guid(9e40b27755e7c417bb209bc003d8b464) Importer(815301076,1909f56bfc062723c751e8b465ee728b)  -> (artifact id: '455ec70030f9daccd5d0954f3c333a30') in 0.017188 seconds
  Import took 0.019993 seconds .

========================================================================
Received Import Request.
  Time since last request: 0.000152 seconds.
  path: Assets/Karting/Tutorials/4 Add a Jump/Add a Jump 031.asset
  artifactKey: Guid(fb1142c575fff4f0abbd81cfa7064e2c) Importer(815301076,1909f56bfc062723c751e8b465ee728b)
Start importing Assets/Karting/Tutorials/4 Add a Jump/Add a Jump 031.asset using Guid(fb1142c575fff4f0abbd81cfa7064e2c) Importer(815301076,1909f56bfc062723c751e8b465ee728b)  -> (artifact id: 'fec43576c81a8f25f6aadf08d6487938') in 0.012202 seconds
  Import took 0.014988 seconds .

========================================================================
Received Import Request.
  Time since last request: 0.482388 seconds.
  path: Assets/Karting/Tutorials/4 Add a Jump/Add a Jump 038.asset
  artifactKey: Guid(f7b1836921553457a85206d04cf113c7) Importer(815301076,1909f56bfc062723c751e8b465ee728b)
Start importing Assets/Karting/Tutorials/4 Add a Jump/Add a Jump 038.asset using Guid(f7b1836921553457a85206d04cf113c7) Importer(815301076,1909f56bfc062723c751e8b465ee728b)  -> (artifact id: '230d95ce3fb4fee40e43934e5444c237') in 0.009066 seconds
  Import took 0.011924 seconds .

========================================================================
Received Import Request.
  Time since last request: 0.000129 seconds.
  path: Assets/Karting/Tutorials/4 Add a Jump/Add a Jump 040.asset
  artifactKey: Guid(426c2ecafb50d45939c113b173a202a3) Importer(815301076,1909f56bfc062723c751e8b465ee728b)
Start importing Assets/Karting/Tutorials/4 Add a Jump/Add a Jump 040.asset using Guid(426c2ecafb50d45939c113b173a202a3) Importer(815301076,1909f56bfc062723c751e8b465ee728b)  -> (artifact id: '23b4a6b65dbcdffedcce06eb68c049a6') in 0.075666 seconds
  Import took 0.078841 seconds .

========================================================================
Received Import Request.
  Time since last request: 0.000130 seconds.
  path: Assets/Karting/Art/Models/Building01WallPlain.fbx
  artifactKey: Guid(ca9914f098c088e4a879c7fd31109c95) Importer(815301076,1909f56bfc062723c751e8b465ee728b)
Start importing Assets/Karting/Art/Models/Building01WallPlain.fbx using Guid(ca9914f098c088e4a879c7fd31109c95) Importer(815301076,1909f56bfc062723c751e8b465ee728b)  -> (artifact id: 'c3f623e4388342818679fad7d1a28196') in 0.054082 seconds
  Import took 0.056775 seconds .

========================================================================
Received Import Request.
  Time since last request: 0.000139 seconds.
  path: Assets/Karting/Art/Models/BuildingShortModel.fbx
  artifactKey: Guid(c2c0d74b41b8c4077b14073abca6504f) Importer(815301076,1909f56bfc062723c751e8b465ee728b)
Start importing Assets/Karting/Art/Models/BuildingShortModel.fbx using Guid(c2c0d74b41b8c4077b14073abca6504f) Importer(815301076,1909f56bfc062723c751e8b465ee728b)  -> (artifact id: '6a55506ef6b5fb0a06b2d3a962f37343') in 0.028964 seconds
  Import took 0.031629 seconds .

========================================================================
Received Import Request.
  Time since last request: 0.000155 seconds.
  path: Assets/Karting/Art/Models/Building01CornerPlain.fbx
  artifactKey: Guid(ee73619a09d1dc54ca72cdbc2a1d3c58) Importer(815301076,1909f56bfc062723c751e8b465ee728b)
Start importing Assets/Karting/Art/Models/Building01CornerPlain.fbx using Guid(ee73619a09d1dc54ca72cdbc2a1d3c58) Importer(815301076,1909f56bfc062723c751e8b465ee728b)  -> (artifact id: 'a3929fe6b137e9ff17db397ec397fdd3') in 0.036490 seconds
  Import took 0.039387 seconds .

========================================================================
Received Import Request.
  Time since last request: 0.000167 seconds.
  path: Assets/Karting/Prefabs/Environment/Building01WallPlain.prefab
  artifactKey: Guid(f07bce605608dc6459230649729bfc26) Importer(815301076,1909f56bfc062723c751e8b465ee728b)
Start importing Assets/Karting/Prefabs/Environment/Building01WallPlain.prefab using Guid(f07bce605608dc6459230649729bfc26) Importer(815301076,1909f56bfc062723c751e8b465ee728b)  -> (artifact id: '956a2f20a18607c7c512a1148de5618c') in 0.016980 seconds
  Import took 0.019999 seconds .

========================================================================
Received Import Request.
  Time since last request: 0.000161 seconds.
  path: Assets/Karting/Prefabs/Environment/Building01CornerPlain.prefab
  artifactKey: Guid(923761a646988454ba4628782e4e8ccf) Importer(815301076,1909f56bfc062723c751e8b465ee728b)
Start importing Assets/Karting/Prefabs/Environment/Building01CornerPlain.prefab using Guid(923761a646988454ba4628782e4e8ccf) Importer(815301076,1909f56bfc062723c751e8b465ee728b)  -> (artifact id: '4907b04c86ef8af6ef0d280b446df756') in 0.017906 seconds
  Import took 0.020649 seconds .

========================================================================
Received Import Request.
  Time since last request: 1.278161 seconds.
  path: Assets/Karting/Prefabs/Props/Checkpoint.prefab
  artifactKey: Guid(6d9796d84c9e5a54fb4e014484945a46) Importer(815301076,1909f56bfc062723c751e8b465ee728b)
Start importing Assets/Karting/Prefabs/Props/Checkpoint.prefab using Guid(6d9796d84c9e5a54fb4e014484945a46) Importer(815301076,1909f56bfc062723c751e8b465ee728b)  -> (artifact id: '030af7efa134258668d1f1bcb464301f') in 0.012606 seconds
  Import took 0.015761 seconds .

========================================================================
Received Import Request.
  Time since last request: 0.000150 seconds.
  path: Assets/Karting/Art/Models/CheckpointRing.fbx
  artifactKey: Guid(84a7b40117d0ef4459d027ff7e7a1cc5) Importer(815301076,1909f56bfc062723c751e8b465ee728b)
Start importing Assets/Karting/Art/Models/CheckpointRing.fbx using Guid(84a7b40117d0ef4459d027ff7e7a1cc5) Importer(815301076,1909f56bfc062723c751e8b465ee728b)  -> (artifact id: 'f13acef56bf9e21cc80b9bbaac75c3a9') in 0.040708 seconds
  Import took 0.043413 seconds .

========================================================================
Received Import Request.
  Time since last request: 0.000154 seconds.
  path: Assets/Karting/Art/Materials/Props/CheckPoint_Particle.mat
  artifactKey: Guid(9b4fae447e271f94dbceadcb2b680633) Importer(815301076,1909f56bfc062723c751e8b465ee728b)
Start importing Assets/Karting/Art/Materials/Props/CheckPoint_Particle.mat using Guid(9b4fae447e271f94dbceadcb2b680633) Importer(815301076,1909f56bfc062723c751e8b465ee728b)  -> (artifact id: '4dac12adf1f770a9e23ec51ee8fa801e') in 0.071248 seconds
  Import took 0.074037 seconds .

========================================================================
Received Import Request.
  Time since last request: 0.000150 seconds.
  path: Assets/Karting/Prefabs/VFX/CheckpointConfetti.prefab
  artifactKey: Guid(008a784118f584403927169df54b5b47) Importer(815301076,1909f56bfc062723c751e8b465ee728b)
Start importing Assets/Karting/Prefabs/VFX/CheckpointConfetti.prefab using Guid(008a784118f584403927169df54b5b47) Importer(815301076,1909f56bfc062723c751e8b465ee728b)  -> (artifact id: '56fb492cc7358f074d54d946cc7c832f') in 0.013705 seconds
  Import took 0.016513 seconds .

========================================================================
Received Import Request.
  Time since last request: 0.000178 seconds.
  path: Assets/Karting/Art/Materials/Props/Checkpoint.mat
  artifactKey: Guid(9168b1bbaf2253e4c819e2b6304463b1) Importer(815301076,1909f56bfc062723c751e8b465ee728b)
Start importing Assets/Karting/Art/Materials/Props/Checkpoint.mat using Guid(9168b1bbaf2253e4c819e2b6304463b1) Importer(815301076,1909f56bfc062723c751e8b465ee728b)  -> (artifact id: 'eaf12942af1f120eeab000f9c8312f17') in 0.015062 seconds
  Import took 0.017769 seconds .

========================================================================
Received Import Request.
  Time since last request: 0.481118 seconds.
  path: Assets/Karting/Art/Textures/UI/ControlScheme_PopUp.png
  artifactKey: Guid(30a6cb445876148a8bfd40d21f59ee90) Importer(815301076,1909f56bfc062723c751e8b465ee728b)
Start importing Assets/Karting/Art/Textures/UI/ControlScheme_PopUp.png using Guid(30a6cb445876148a8bfd40d21f59ee90) Importer(815301076,1909f56bfc062723c751e8b465ee728b)  -> (artifact id: 'd68a08001d1a1ee4c40d4ed0ce7a1a55') in 0.076939 seconds
  Import took 0.079748 seconds .

========================================================================
Received Import Request.
  Time since last request: 0.000186 seconds.
  path: Assets/Karting/Art/Materials/Level/CurvedRamp.mat
  artifactKey: Guid(ee7f46bd01c51304eb1c70ef2a97b5b9) Importer(815301076,1909f56bfc062723c751e8b465ee728b)
Start importing Assets/Karting/Art/Materials/Level/CurvedRamp.mat using Guid(ee7f46bd01c51304eb1c70ef2a97b5b9) Importer(815301076,1909f56bfc062723c751e8b465ee728b)  -> (artifact id: '23a060fc38258141a540f02202289bfd') in 0.084226 seconds
  Import took 0.086874 seconds .

========================================================================
Received Import Request.
  Time since last request: 0.886359 seconds.
  path: Assets/Karting/Tutorials/3 Edit Colors/Edit Colors 06-Play-Game.asset
  artifactKey: Guid(9d468684850864dd69745d16bb812c63) Importer(815301076,1909f56bfc062723c751e8b465ee728b)
Start importing Assets/Karting/Tutorials/3 Edit Colors/Edit Colors 06-Play-Game.asset using Guid(9d468684850864dd69745d16bb812c63) Importer(815301076,1909f56bfc062723c751e8b465ee728b)  -> (artifact id: '36874ccf9b7648342df8962f73a276d6') in 0.010883 seconds
  Import took 0.014184 seconds .

========================================================================
Received Import Request.
  Time since last request: 0.000160 seconds.
  path: Assets/Karting/Tutorials/3 Edit Colors/Edit Colors 07-Exit-Play.asset
  artifactKey: Guid(25b32eae891f6b34dae30855cf0cfe77) Importer(815301076,1909f56bfc062723c751e8b465ee728b)
Start importing Assets/Karting/Tutorials/3 Edit Colors/Edit Colors 07-Exit-Play.asset using Guid(25b32eae891f6b34dae30855cf0cfe77) Importer(815301076,1909f56bfc062723c751e8b465ee728b)  -> (artifact id: 'f0c9bfdea9080966bf9160c325f2b15f') in 0.025984 seconds
  Import took 0.028677 seconds .

========================================================================
Received Import Request.
  Time since last request: 1.241220 seconds.
  path: Assets/Karting/Tutorials/2 Editor UI/Editor UI 07-Project-Window.asset
  artifactKey: Guid(2369aced5fb244c9da60ff7d0068c59f) Importer(815301076,1909f56bfc062723c751e8b465ee728b)
Start importing Assets/Karting/Tutorials/2 Editor UI/Editor UI 07-Project-Window.asset using Guid(2369aced5fb244c9da60ff7d0068c59f) Importer(815301076,1909f56bfc062723c751e8b465ee728b)  -> (artifact id: 'c45390aada16340863ce335926e13c44') in 0.009568 seconds
  Import took 0.012294 seconds .

========================================================================
Received Import Request.
  Time since last request: 0.000163 seconds.
  path: Assets/Karting/Tutorials/1 Get started/Get Started 02-First-Play.asset
  artifactKey: Guid(612844087f48942d8b0855e60990f01a) Importer(815301076,1909f56bfc062723c751e8b465ee728b)
Start importing Assets/Karting/Tutorials/1 Get started/Get Started 02-First-Play.asset using Guid(612844087f48942d8b0855e60990f01a) Importer(815301076,1909f56bfc062723c751e8b465ee728b)  -> (artifact id: '28af79302c5885ba416962a6e84d840a') in 0.012767 seconds
  Import took 0.016220 seconds .

========================================================================
Received Import Request.
  Time since last request: 0.000165 seconds.
  path: Assets/Karting/Tutorials/1 Get started/Get Started 03-Exit-Play.asset
  artifactKey: Guid(67df256d36f564827ab6cce4308e8cf8) Importer(815301076,1909f56bfc062723c751e8b465ee728b)
Start importing Assets/Karting/Tutorials/1 Get started/Get Started 03-Exit-Play.asset using Guid(67df256d36f564827ab6cce4308e8cf8) Importer(815301076,1909f56bfc062723c751e8b465ee728b)  -> (artifact id: 'a98c62523158b6329f96458ca538ecc9') in 0.013073 seconds
  Import took 0.016319 seconds .

========================================================================
Received Import Request.
  Time since last request: 0.000131 seconds.
  path: Assets/Karting/Tutorials/2 Editor UI/Editor UI 07-Project-Window-new.asset
  artifactKey: Guid(d401bebd726ce4f0b91d0626fff956f1) Importer(815301076,1909f56bfc062723c751e8b465ee728b)
Start importing Assets/Karting/Tutorials/2 Editor UI/Editor UI 07-Project-Window-new.asset using Guid(d401bebd726ce4f0b91d0626fff956f1) Importer(815301076,1909f56bfc062723c751e8b465ee728b)  -> (artifact id: '7ea6b11bdfce064d22833e40f3c0f9b2') in 0.007634 seconds
  Import took 0.010242 seconds .

========================================================================
Received Import Request.
  Time since last request: 0.962691 seconds.
  path: Assets/Karting/Tutorials/1 Get started/Get Started 05-Inspector-Intro.asset
  artifactKey: Guid(4ac627054a9104ee889eef8b990a8102) Importer(815301076,1909f56bfc062723c751e8b465ee728b)
Start importing Assets/Karting/Tutorials/1 Get started/Get Started 05-Inspector-Intro.asset using Guid(4ac627054a9104ee889eef8b990a8102) Importer(815301076,1909f56bfc062723c751e8b465ee728b)  -> (artifact id: 'db5ed56e09052c066b9a82fc0825088f') in 0.025018 seconds
  Import took 0.028401 seconds .

========================================================================
Received Import Request.
  Time since last request: 0.000205 seconds.
  path: Assets/Karting/Tutorials/1 Get started/Get Started 07-Exit-PlayMode.asset
  artifactKey: Guid(563a8aba6d9a0a0418aae455804e1e85) Importer(815301076,1909f56bfc062723c751e8b465ee728b)
Start importing Assets/Karting/Tutorials/1 Get started/Get Started 07-Exit-PlayMode.asset using Guid(563a8aba6d9a0a0418aae455804e1e85) Importer(815301076,1909f56bfc062723c751e8b465ee728b)  -> (artifact id: 'abeacc6793a0ccb119559adbce7d17b7') in 0.015694 seconds
  Import took 0.018572 seconds .

========================================================================
Received Import Request.
  Time since last request: 0.000151 seconds.
  path: Assets/Karting/Tutorials/1 Get started/Get Started 06-Enter-PlayMode.asset
  artifactKey: Guid(1ddadc0b2227c4f95b63cc350b714bd5) Importer(815301076,1909f56bfc062723c751e8b465ee728b)
Start importing Assets/Karting/Tutorials/1 Get started/Get Started 06-Enter-PlayMode.asset using Guid(1ddadc0b2227c4f95b63cc350b714bd5) Importer(815301076,1909f56bfc062723c751e8b465ee728b)  -> (artifact id: '7fa61f5149836cb5cd268a3862a9d52d') in 0.012565 seconds
  Import took 0.015265 seconds .

========================================================================
Received Import Request.
  Time since last request: 0.000157 seconds.
  path: Assets/Karting/Art/Models/GroundPlane.fbx
  artifactKey: Guid(21fe29e73ae4cc842b0d5e9ca6e345f9) Importer(815301076,1909f56bfc062723c751e8b465ee728b)
Start importing Assets/Karting/Art/Models/GroundPlane.fbx using Guid(21fe29e73ae4cc842b0d5e9ca6e345f9) Importer(815301076,1909f56bfc062723c751e8b465ee728b)  -> (artifact id: '57be4f93c265be41078e7ac9d67923e7') in 0.022152 seconds
  Import took 0.024948 seconds .

========================================================================
Received Import Request.
  Time since last request: 29.696330 seconds.
  path: Assets/Karting/Tutorials/5 Build and Publish/header-completed.png
  artifactKey: Guid(8d0bf2defb8cb734fb0a63a9aa031ee7) Importer(815301076,1909f56bfc062723c751e8b465ee728b)
Start importing Assets/Karting/Tutorials/5 Build and Publish/header-completed.png using Guid(8d0bf2defb8cb734fb0a63a9aa031ee7) Importer(815301076,1909f56bfc062723c751e8b465ee728b)  -> (artifact id: '11f430ddc52f58bc0ffd073635a96fd4') in 0.013441 seconds
  Import took 0.016306 seconds .

========================================================================
Received Import Request.
  Time since last request: 0.000152 seconds.
  path: Assets/Karting/Prefabs/TrackPieces/Curved Ramps/Jump.prefab
  artifactKey: Guid(6e9f55e8d76a3624a8f195faf6cbf4d3) Importer(815301076,1909f56bfc062723c751e8b465ee728b)
Start importing Assets/Karting/Prefabs/TrackPieces/Curved Ramps/Jump.prefab using Guid(6e9f55e8d76a3624a8f195faf6cbf4d3) Importer(815301076,1909f56bfc062723c751e8b465ee728b)  -> (artifact id: '27c258676ecb254a07e9b9f00ccd1053') in 0.024423 seconds
  Import took 0.027115 seconds .

========================================================================
Received Import Request.
  Time since last request: 0.000160 seconds.
  path: Assets/Karting/Prefabs/VFX/JumpDustVFX.prefab
  artifactKey: Guid(63b5def8db7a0de41ab8201bc3ce6dc7) Importer(815301076,1909f56bfc062723c751e8b465ee728b)
Start importing Assets/Karting/Prefabs/VFX/JumpDustVFX.prefab using Guid(63b5def8db7a0de41ab8201bc3ce6dc7) Importer(815301076,1909f56bfc062723c751e8b465ee728b)  -> (artifact id: '162c442568ded186f7bd6910bc71982b') in 0.007901 seconds
  Import took 0.010587 seconds .

========================================================================
Received Import Request.
  Time since last request: 0.000259 seconds.
  path: Assets/Karting/Prefabs/TrackPieces/Curved Ramps/JumpMesh.asset
  artifactKey: Guid(cf154e9f0ef776e4a958761925d3dfc0) Importer(815301076,1909f56bfc062723c751e8b465ee728b)
Start importing Assets/Karting/Prefabs/TrackPieces/Curved Ramps/JumpMesh.asset using Guid(cf154e9f0ef776e4a958761925d3dfc0) Importer(815301076,1909f56bfc062723c751e8b465ee728b)  -> (artifact id: '7057f6cf27f55235180bb17d5056a895') in 0.017857 seconds
  Import took 0.020810 seconds .

========================================================================
Received Import Request.
  Time since last request: 1.420079 seconds.
  path: Assets/Karting/Prefabs/Props/JumpRamp.prefab
  artifactKey: Guid(db0af21853ba047fda7b6e30b74ffedf) Importer(815301076,1909f56bfc062723c751e8b465ee728b)
Start importing Assets/Karting/Prefabs/Props/JumpRamp.prefab using Guid(db0af21853ba047fda7b6e30b74ffedf) Importer(815301076,1909f56bfc062723c751e8b465ee728b)  -> (artifact id: 'b81cb4003bcca2c45f42594b28703ea2') in 0.023775 seconds
  Import took 0.026588 seconds .

========================================================================
Received Import Request.
  Time since last request: 0.000168 seconds.
  path: Assets/Karting/Prefabs/KartClassic/KartClassic_Player.prefab
  artifactKey: Guid(19954de30401f73428254541a9ad156e) Importer(815301076,1909f56bfc062723c751e8b465ee728b)
Start importing Assets/Karting/Prefabs/KartClassic/KartClassic_Player.prefab using Guid(19954de30401f73428254541a9ad156e) Importer(815301076,1909f56bfc062723c751e8b465ee728b)  -> (artifact id: '586c9ff8efbfda60b04c126141124a0c') in 0.028945 seconds
  Import took 0.032575 seconds .

========================================================================
Received Import Request.
  Time since last request: 0.444701 seconds.
  path: Assets/Karting/Prefabs/Props/LapCheckpoint.prefab
  artifactKey: Guid(63c348de78fb78f44befbc3f5bccddc0) Importer(815301076,1909f56bfc062723c751e8b465ee728b)
Start importing Assets/Karting/Prefabs/Props/LapCheckpoint.prefab using Guid(63c348de78fb78f44befbc3f5bccddc0) Importer(815301076,1909f56bfc062723c751e8b465ee728b)  -> (artifact id: 'c2a77b87333229b21b051ea670c4fc5b') in 0.032535 seconds
  Import took 0.035387 seconds .

========================================================================
Received Import Request.
  Time since last request: 0.000141 seconds.
  path: Assets/Karting/Art/Materials/Props/LapCheckpoint.mat
  artifactKey: Guid(8e3450d3a78f83c42a6dd5272ba6fab3) Importer(815301076,1909f56bfc062723c751e8b465ee728b)
Start importing Assets/Karting/Art/Materials/Props/LapCheckpoint.mat using Guid(8e3450d3a78f83c42a6dd5272ba6fab3) Importer(815301076,1909f56bfc062723c751e8b465ee728b)  -> (artifact id: '2bfec7d2b330ab7525947fd21f9ed431') in 0.015294 seconds
  Import took 0.017924 seconds .

========================================================================
Received Import Request.
  Time since last request: 0.000124 seconds.
  path: Assets/Karting/Art/Materials/Characters/Material_Player.mat
  artifactKey: Guid(41245d44b7e4e4a9ebe8a3e324e02795) Importer(815301076,1909f56bfc062723c751e8b465ee728b)
Start importing Assets/Karting/Art/Materials/Characters/Material_Player.mat using Guid(41245d44b7e4e4a9ebe8a3e324e02795) Importer(815301076,1909f56bfc062723c751e8b465ee728b)  -> (artifact id: '8e270e7fdd939163c4160f93a5d01f5f') in 0.013437 seconds
  Import took 0.016095 seconds .

========================================================================
Received Import Request.
  Time since last request: 0.000153 seconds.
  path: Assets/Karting/Art/Materials/Props/LapCheckpoint.mat
  artifactKey: Guid(8e3450d3a78f83c42a6dd5272ba6fab3) Importer(815301076,1909f56bfc062723c751e8b465ee728b)
Start importing Assets/Karting/Art/Materials/Props/LapCheckpoint.mat using Guid(8e3450d3a78f83c42a6dd5272ba6fab3) Importer(815301076,1909f56bfc062723c751e8b465ee728b)  -> (artifact id: '2bfec7d2b330ab7525947fd21f9ed431') in 0.007331 seconds
  Import took 0.010131 seconds .

========================================================================
Received Import Request.
  Time since last request: 0.000151 seconds.
  path: Assets/Karting/Art/Materials/Characters/Material_Player.mat
  artifactKey: Guid(41245d44b7e4e4a9ebe8a3e324e02795) Importer(815301076,1909f56bfc062723c751e8b465ee728b)
Start importing Assets/Karting/Art/Materials/Characters/Material_Player.mat using Guid(41245d44b7e4e4a9ebe8a3e324e02795) Importer(815301076,1909f56bfc062723c751e8b465ee728b)  -> (artifact id: '8e270e7fdd939163c4160f93a5d01f5f') in 0.012489 seconds
  Import took 0.015258 seconds .

========================================================================
Received Import Request.
  Time since last request: 0.337069 seconds.
  path: Assets/Karting/ModularTrackKit/Models/ModularTrackBumpyStraight.fbx
  artifactKey: Guid(8bd11d186751541b5bbd80f5cf827fee) Importer(815301076,1909f56bfc062723c751e8b465ee728b)
Start importing Assets/Karting/ModularTrackKit/Models/ModularTrackBumpyStraight.fbx using Guid(8bd11d186751541b5bbd80f5cf827fee) Importer(815301076,1909f56bfc062723c751e8b465ee728b)  -> (artifact id: '22cc89281fd903f656baa08071eb4ba0') in 0.049996 seconds
  Import took 0.053144 seconds .

========================================================================
Received Import Request.
  Time since last request: 0.000161 seconds.
  path: Assets/Karting/ModularTrackKit/Prefabs/ModularTrackBumpyStraight.prefab
  artifactKey: Guid(9b9f6390b3dee44e4ba03d5f3f76dacb) Importer(815301076,1909f56bfc062723c751e8b465ee728b)
Start importing Assets/Karting/ModularTrackKit/Prefabs/ModularTrackBumpyStraight.prefab using Guid(9b9f6390b3dee44e4ba03d5f3f76dacb) Importer(815301076,1909f56bfc062723c751e8b465ee728b)  -> (artifact id: '3800aa79960648f27329bd99edf25c9e') in 0.013241 seconds
  Import took 0.016163 seconds .

========================================================================
Received Import Request.
  Time since last request: 0.002005 seconds.
  path: Assets/Karting/ModularTrackKit/Prefabs/ModularTrackBumpyStraight.prefab
  artifactKey: Guid(9b9f6390b3dee44e4ba03d5f3f76dacb) Importer(815301076,1909f56bfc062723c751e8b465ee728b)
Start importing Assets/Karting/ModularTrackKit/Prefabs/ModularTrackBumpyStraight.prefab using Guid(9b9f6390b3dee44e4ba03d5f3f76dacb) Importer(815301076,1909f56bfc062723c751e8b465ee728b)  -> (artifact id: '3800aa79960648f27329bd99edf25c9e') in 0.007639 seconds
  Import took 0.010502 seconds .

========================================================================
Received Import Request.
  Time since last request: 1.249593 seconds.
  path: Assets/Karting/ModularTrackKit/Prefabs/ModularTrackRamp.prefab
  artifactKey: Guid(1c994073ac1d5445695ce53ec5195532) Importer(815301076,1909f56bfc062723c751e8b465ee728b)
Start importing Assets/Karting/ModularTrackKit/Prefabs/ModularTrackRamp.prefab using Guid(1c994073ac1d5445695ce53ec5195532) Importer(815301076,1909f56bfc062723c751e8b465ee728b)  -> (artifact id: 'fea783a7a06b74bb1961aaff8a458029') in 0.037107 seconds
  Import took 0.040353 seconds .

========================================================================
Received Import Request.
  Time since last request: 0.000156 seconds.
  path: Assets/Karting/ModularTrackKit/Prefabs/ModularTrackRampCurveLeft.prefab
  artifactKey: Guid(634c4192803244032a1b1c99cff02eff) Importer(815301076,1909f56bfc062723c751e8b465ee728b)
Start importing Assets/Karting/ModularTrackKit/Prefabs/ModularTrackRampCurveLeft.prefab using Guid(634c4192803244032a1b1c99cff02eff) Importer(815301076,1909f56bfc062723c751e8b465ee728b)  -> (artifact id: '5df7ee6bd0a71ea1352462acb4ec1be3') in 0.032940 seconds
  Import took 0.035917 seconds .

========================================================================
Received Import Request.
  Time since last request: 0.000169 seconds.
  path: Assets/Karting/ModularTrackKit/Models/ModularTrackRampCurveLeft.fbx
  artifactKey: Guid(05fede2a6022d42b1ade2912387039fa) Importer(815301076,1909f56bfc062723c751e8b465ee728b)
Start importing Assets/Karting/ModularTrackKit/Models/ModularTrackRampCurveLeft.fbx using Guid(05fede2a6022d42b1ade2912387039fa) Importer(815301076,1909f56bfc062723c751e8b465ee728b)  -> (artifact id: '1fa521d533c27f8b0032e1cc3e5afd96') in 0.024239 seconds
  Import took 0.026980 seconds .

========================================================================
Received Import Request.
  Time since last request: 0.000143 seconds.
  path: Assets/Karting/ModularTrackKit/Models/ModularTrackRamp.fbx
  artifactKey: Guid(fb55a8802f7114aceb2a7d7f0918153b) Importer(815301076,1909f56bfc062723c751e8b465ee728b)
Start importing Assets/Karting/ModularTrackKit/Models/ModularTrackRamp.fbx using Guid(fb55a8802f7114aceb2a7d7f0918153b) Importer(815301076,1909f56bfc062723c751e8b465ee728b)  -> (artifact id: '2f06dc696e0d90c48f2001d248970382') in 0.034734 seconds
  Import took 0.037425 seconds .

========================================================================
Received Import Request.
  Time since last request: 0.529126 seconds.
  path: Assets/Karting/ModularTrackKit/Prefabs/ModularTrackRampCurveRight.prefab
  artifactKey: Guid(7973c59434836422cbd71f26d6c1293e) Importer(815301076,1909f56bfc062723c751e8b465ee728b)
Start importing Assets/Karting/ModularTrackKit/Prefabs/ModularTrackRampCurveRight.prefab using Guid(7973c59434836422cbd71f26d6c1293e) Importer(815301076,1909f56bfc062723c751e8b465ee728b)  -> (artifact id: '029c6883743bc26f4b1c9a8b62f6dbb5') in 0.027424 seconds
  Import took 0.030388 seconds .

========================================================================
Received Import Request.
  Time since last request: 0.000163 seconds.
  path: Assets/Karting/ModularTrackKit/Models/ModularTrackRampCurveRight.fbx
  artifactKey: Guid(f06addda049014caaa30b7f4b73e447d) Importer(815301076,1909f56bfc062723c751e8b465ee728b)
Start importing Assets/Karting/ModularTrackKit/Models/ModularTrackRampCurveRight.fbx using Guid(f06addda049014caaa30b7f4b73e447d) Importer(815301076,1909f56bfc062723c751e8b465ee728b)  -> (artifact id: 'cf1b75b638a7bda50d4b6948de6b06e3') in 0.027399 seconds
  Import took 0.030360 seconds .

========================================================================
Received Import Request.
  Time since last request: 0.391181 seconds.
  path: Assets/Karting/Audio/UI/Notification_Snap.wav
  artifactKey: Guid(3f01be6994a0ab6448a945dbdd9b3cda) Importer(815301076,1909f56bfc062723c751e8b465ee728b)
Start importing Assets/Karting/Audio/UI/Notification_Snap.wav using Guid(3f01be6994a0ab6448a945dbdd9b3cda) Importer(815301076,1909f56bfc062723c751e8b465ee728b)  -> (artifact id: 'b65ddb685016f6b93a8005391fd396e8') in 0.036926 seconds
  Import took 0.039625 seconds .

========================================================================
Received Import Request.
  Time since last request: 0.000151 seconds.
  path: Assets/Karting/Prefabs/GameModes/ObjectiveLaps.prefab
  artifactKey: Guid(9982527ae59625f4db19031743e8e79d) Importer(815301076,1909f56bfc062723c751e8b465ee728b)
Start importing Assets/Karting/Prefabs/GameModes/ObjectiveLaps.prefab using Guid(9982527ae59625f4db19031743e8e79d) Importer(815301076,1909f56bfc062723c751e8b465ee728b)  -> (artifact id: '86b8fb064afbf34fd7ce4df5b21a108f') in 0.028691 seconds
  Import took 0.031649 seconds .

========================================================================
Received Import Request.
  Time since last request: 0.002033 seconds.
  path: Assets/Karting/Prefabs/GameModes/ObjectiveLaps.prefab
  artifactKey: Guid(9982527ae59625f4db19031743e8e79d) Importer(815301076,1909f56bfc062723c751e8b465ee728b)
Start importing Assets/Karting/Prefabs/GameModes/ObjectiveLaps.prefab using Guid(9982527ae59625f4db19031743e8e79d) Importer(815301076,1909f56bfc062723c751e8b465ee728b)  -> (artifact id: '86b8fb064afbf34fd7ce4df5b21a108f') in 0.006448 seconds
  Import took 0.009274 seconds .

========================================================================
Received Import Request.
  Time since last request: 0.000126 seconds.
  path: Assets/Karting/Art/Models/StoneFlat.fbx
  artifactKey: Guid(c80f31023dcf9b34cbd0044505be4806) Importer(815301076,1909f56bfc062723c751e8b465ee728b)
Start importing Assets/Karting/Art/Models/StoneFlat.fbx using Guid(c80f31023dcf9b34cbd0044505be4806) Importer(815301076,1909f56bfc062723c751e8b465ee728b)  -> (artifact id: 'f0fe1486f8f60d94bb546e238652e272') in 0.029616 seconds
  Import took 0.032287 seconds .

========================================================================
Received Import Request.
  Time since last request: 0.000139 seconds.
  path: Assets/Karting/Prefabs/UI/ObjectiveToastPrimary.prefab
  artifactKey: Guid(825d6b0d7b3a7394a9f51c7b6900c135) Importer(815301076,1909f56bfc062723c751e8b465ee728b)
Start importing Assets/Karting/Prefabs/UI/ObjectiveToastPrimary.prefab using Guid(825d6b0d7b3a7394a9f51c7b6900c135) Importer(815301076,1909f56bfc062723c751e8b465ee728b)  -> (artifact id: '6957eeb16ae95e4ed312118e2c4ee4fd') in 0.007071 seconds
  Import took 0.009711 seconds .

========================================================================
Received Import Request.
  Time since last request: 0.000146 seconds.
  path: Assets/Karting/Art/Models/TreeBox.fbx
  artifactKey: Guid(9f1e50f73a529a448b004add5bec5d80) Importer(815301076,1909f56bfc062723c751e8b465ee728b)
Start importing Assets/Karting/Art/Models/TreeBox.fbx using Guid(9f1e50f73a529a448b004add5bec5d80) Importer(815301076,1909f56bfc062723c751e8b465ee728b)  -> (artifact id: 'b5a208d07bde7a4885e84c61386ef8b1') in 0.018999 seconds
  Import took 0.021681 seconds .

========================================================================
Received Import Request.
  Time since last request: 0.910220 seconds.
  path: Assets/Karting/Art/Models/Mesh_Sun.fbx
  artifactKey: Guid(d16b83a71cf8a44c497e10545a79767f) Importer(815301076,1909f56bfc062723c751e8b465ee728b)
Start importing Assets/Karting/Art/Models/Mesh_Sun.fbx using Guid(d16b83a71cf8a44c497e10545a79767f) Importer(815301076,1909f56bfc062723c751e8b465ee728b)  -> (artifact id: '5691c4744b4d6e765bc964e395df8062') in 0.052121 seconds
  Import took 0.055010 seconds .

========================================================================
Received Import Request.
  Time since last request: 0.000162 seconds.
  path: Assets/Karting/Art/Materials/Props/PhysicsBall_Light.mat
  artifactKey: Guid(c62f94adc6382fc49b8d2bfbeff1320b) Importer(815301076,1909f56bfc062723c751e8b465ee728b)
Start importing Assets/Karting/Art/Materials/Props/PhysicsBall_Light.mat using Guid(c62f94adc6382fc49b8d2bfbeff1320b) Importer(815301076,1909f56bfc062723c751e8b465ee728b)  -> (artifact id: '3512d82d18a24a36538384acf62a7136') in 0.022954 seconds
  Import took 0.025584 seconds .

========================================================================
Received Import Request.
  Time since last request: 0.000169 seconds.
  path: Assets/Karting/Art/Materials/Props/PhysicsBall_Heavy.mat
  artifactKey: Guid(1af2f720e69c5224b8d6cb78ecc43947) Importer(815301076,1909f56bfc062723c751e8b465ee728b)
Start importing Assets/Karting/Art/Materials/Props/PhysicsBall_Heavy.mat using Guid(1af2f720e69c5224b8d6cb78ecc43947) Importer(815301076,1909f56bfc062723c751e8b465ee728b)  -> (artifact id: 'f80afcc27ead93c1c470cd06b2a2a04c') in 0.026737 seconds
  Import took 0.029377 seconds .

========================================================================
Received Import Request.
  Time since last request: 0.000150 seconds.
  path: Assets/Karting/Art/Materials/Props/PhysicsBall.mat
  artifactKey: Guid(1080c34ae94001d4596c42e5897e0f7c) Importer(815301076,1909f56bfc062723c751e8b465ee728b)
Start importing Assets/Karting/Art/Materials/Props/PhysicsBall.mat using Guid(1080c34ae94001d4596c42e5897e0f7c) Importer(815301076,1909f56bfc062723c751e8b465ee728b)  -> (artifact id: 'e92739475ca4954fb1f2939bdc0565e6') in 0.019589 seconds
  Import took 0.022444 seconds .

========================================================================
Received Import Request.
  Time since last request: 0.000132 seconds.
  path: Assets/Karting/Prefabs/Props/PhysicsBall_Default.prefab
  artifactKey: Guid(1d806fa299adb8a4eab57244b3d27969) Importer(815301076,1909f56bfc062723c751e8b465ee728b)
Start importing Assets/Karting/Prefabs/Props/PhysicsBall_Default.prefab using Guid(1d806fa299adb8a4eab57244b3d27969) Importer(815301076,1909f56bfc062723c751e8b465ee728b)  -> (artifact id: '7341d68d5f8216bffb8381bbc41a064d') in 0.013995 seconds
  Import took 0.016755 seconds .

========================================================================
Received Import Request.
  Time since last request: 0.917221 seconds.
  path: Assets/Karting/Art/Models/Player.FBX
  artifactKey: Guid(6efe54ae207d7bb46a4adca3c0143126) Importer(815301076,1909f56bfc062723c751e8b465ee728b)
Start importing Assets/Karting/Art/Models/Player.FBX using Guid(6efe54ae207d7bb46a4adca3c0143126) Importer(815301076,1909f56bfc062723c751e8b465ee728b)  -> (artifact id: '3c492d33b40619693b521f5df02a9c38') in 0.021508 seconds
  Import took 0.025612 seconds .

========================================================================
Received Import Request.
  Time since last request: 1.632014 seconds.
  path: Assets/Karting/Scripts/GameModes/PickupObject.cs
  artifactKey: Guid(3040ab54725a14c71b621ec50010fc37) Importer(815301076,1909f56bfc062723c751e8b465ee728b)
Start importing Assets/Karting/Scripts/GameModes/PickupObject.cs using Guid(3040ab54725a14c71b621ec50010fc37) Importer(815301076,1909f56bfc062723c751e8b465ee728b)  -> (artifact id: '7e1c528feb8e56848268142d6af03091') in 0.002250 seconds
  Import took 0.005136 seconds .

========================================================================
Received Import Request.
  Time since last request: 0.000349 seconds.
  path: Assets/Karting/Scripts/GameModes/PickupObject.cs
  artifactKey: Guid(3040ab54725a14c71b621ec50010fc37) Importer(815301076,1909f56bfc062723c751e8b465ee728b)
Start importing Assets/Karting/Scripts/GameModes/PickupObject.cs using Guid(3040ab54725a14c71b621ec50010fc37) Importer(815301076,1909f56bfc062723c751e8b465ee728b)  -> (artifact id: '7e1c528feb8e56848268142d6af03091') in 0.001870 seconds
  Import took 0.004432 seconds .

========================================================================
Received Import Request.
  Time since last request: 50.915524 seconds.
  path: Assets/Karting/Animations/Player/PlayerIdle.FBX
  artifactKey: Guid(078f73b46517318428ecaf8e7207124c) Importer(815301076,1909f56bfc062723c751e8b465ee728b)
Start importing Assets/Karting/Animations/Player/PlayerIdle.FBX using Guid(078f73b46517318428ecaf8e7207124c) Importer(815301076,1909f56bfc062723c751e8b465ee728b)  -> (artifact id: '55595077ab73fb9f5d9253233b361f6e') in 0.055618 seconds
  Import took 0.059687 seconds .

========================================================================
Received Import Request.
  Time since last request: 0.000246 seconds.
  path: Assets/Karting/Animations/Player/PlayerLeft.FBX
  artifactKey: Guid(1c78222edbf3c0f4280c1289cc46f053) Importer(815301076,1909f56bfc062723c751e8b465ee728b)
Start importing Assets/Karting/Animations/Player/PlayerLeft.FBX using Guid(1c78222edbf3c0f4280c1289cc46f053) Importer(815301076,1909f56bfc062723c751e8b465ee728b)  -> (artifact id: 'da6c71c878d89929b578029dfa424e21') in 0.038917 seconds
  Import took 0.043517 seconds .

========================================================================
Received Import Request.
  Time since last request: 0.000186 seconds.
  path: Assets/Karting/Tutorials/Sound Effects/Pop.aiff
  artifactKey: Guid(93fbb109633e844259ea828442bda0cb) Importer(815301076,1909f56bfc062723c751e8b465ee728b)
Start importing Assets/Karting/Tutorials/Sound Effects/Pop.aiff using Guid(93fbb109633e844259ea828442bda0cb) Importer(815301076,1909f56bfc062723c751e8b465ee728b)  -> (artifact id: 'd7dab0b756a64af3ce64e3e326247a86') in 0.026475 seconds
  Import took 0.030180 seconds .

========================================================================
Received Import Request.
  Time since last request: 0.000196 seconds.
  path: Assets/Karting/Animations/Player/PlayerJump.FBX
  artifactKey: Guid(9f825f613a00f714dae086f20a4a4171) Importer(815301076,1909f56bfc062723c751e8b465ee728b)
Start importing Assets/Karting/Animations/Player/PlayerJump.FBX using Guid(9f825f613a00f714dae086f20a4a4171) Importer(815301076,1909f56bfc062723c751e8b465ee728b)  -> (artifact id: '0729b7cf4488a7029b89302e9bdee3cd') in 0.034560 seconds
  Import took 0.038459 seconds .

========================================================================
Received Import Request.
  Time since last request: 0.000278 seconds.
  path: Assets/Karting/Art/PostProcessing/PostProcessVolume Profile.asset
  artifactKey: Guid(38c256f7cfdc9494788a6a863582f97d) Importer(815301076,1909f56bfc062723c751e8b465ee728b)
Start importing Assets/Karting/Art/PostProcessing/PostProcessVolume Profile.asset using Guid(38c256f7cfdc9494788a6a863582f97d) Importer(815301076,1909f56bfc062723c751e8b465ee728b)  -> (artifact id: '773349322355f3c255605a12adc98b1b') in 0.026129 seconds
  Import took 0.029417 seconds .

========================================================================
Received Import Request.
  Time since last request: 0.502693 seconds.
  path: Assets/Karting/Art/Models/StoneRound.fbx
  artifactKey: Guid(5e6dd9e33a8a1c748a582c8565e5f95f) Importer(815301076,1909f56bfc062723c751e8b465ee728b)
Start importing Assets/Karting/Art/Models/StoneRound.fbx using Guid(5e6dd9e33a8a1c748a582c8565e5f95f) Importer(815301076,1909f56bfc062723c751e8b465ee728b)  -> (artifact id: '5a303db9a407cd6a15d8f37724ea2fcc') in 0.058465 seconds
  Import took 0.072871 seconds .

========================================================================
Received Import Request.
  Time since last request: 0.004174 seconds.
  path: Assets/Karting/Tutorials/5 Build and Publish/Criteria/PublishCriteria.asset
  artifactKey: Guid(43f99256ccd065c47b41dc50b89eb706) Importer(815301076,1909f56bfc062723c751e8b465ee728b)
Start importing Assets/Karting/Tutorials/5 Build and Publish/Criteria/PublishCriteria.asset using Guid(43f99256ccd065c47b41dc50b89eb706) Importer(815301076,1909f56bfc062723c751e8b465ee728b)  -> (artifact id: '354cd014174c9af7eebbc4f22d7a6e6e') in 0.012740 seconds
  Import took 0.017956 seconds .

========================================================================
Received Import Request.
  Time since last request: 0.001561 seconds.
  path: Assets/Karting/Art/Materials/Props/Ramp_70Degrees.mat
  artifactKey: Guid(eaa3d3a0d4072e94ea340cadd67f6e71) Importer(815301076,1909f56bfc062723c751e8b465ee728b)
Start importing Assets/Karting/Art/Materials/Props/Ramp_70Degrees.mat using Guid(eaa3d3a0d4072e94ea340cadd67f6e71) Importer(815301076,1909f56bfc062723c751e8b465ee728b)  -> (artifact id: '534a92cab9c07df121de2f52041c0fde') in 0.030701 seconds
  Import took 0.034084 seconds .

========================================================================
Received Import Request.
  Time since last request: 0.000382 seconds.
  path: Assets/Karting/Prefabs/TrackPieces/Curved Ramps/Ramp_Curve_6_30.prefab
  artifactKey: Guid(9d79018a00f9cc046bd23ac607ecf0de) Importer(815301076,1909f56bfc062723c751e8b465ee728b)
Start importing Assets/Karting/Prefabs/TrackPieces/Curved Ramps/Ramp_Curve_6_30.prefab using Guid(9d79018a00f9cc046bd23ac607ecf0de) Importer(815301076,1909f56bfc062723c751e8b465ee728b)  -> (artifact id: '89ddc95d84ccfcd10224c61af841d817') in 0.018364 seconds
  Import took 0.023154 seconds .

========================================================================
Received Import Request.
  Time since last request: 0.000578 seconds.
  path: Assets/Karting/Prefabs/TrackPieces/Curved Ramps/Ramp_Curve_6_60.prefab
  artifactKey: Guid(4102206a84e5fd140b4487286a1e81c3) Importer(815301076,1909f56bfc062723c751e8b465ee728b)
Start importing Assets/Karting/Prefabs/TrackPieces/Curved Ramps/Ramp_Curve_6_60.prefab using Guid(4102206a84e5fd140b4487286a1e81c3) Importer(815301076,1909f56bfc062723c751e8b465ee728b)  -> (artifact id: '508ccdc340b9ad1b6889b15e113237c0') in 0.014184 seconds
  Import took 0.018334 seconds .

========================================================================
Received Import Request.
  Time since last request: 0.001190 seconds.
  path: Assets/Karting/Art/Materials/Props/Ramp_30Degrees.mat
  artifactKey: Guid(fd29b49a340a1f84391f625716983113) Importer(815301076,1909f56bfc062723c751e8b465ee728b)
Start importing Assets/Karting/Art/Materials/Props/Ramp_30Degrees.mat using Guid(fd29b49a340a1f84391f625716983113) Importer(815301076,1909f56bfc062723c751e8b465ee728b)  -> (artifact id: '984fd0c47579e712464ee8b44440b4a3') in 0.020759 seconds
  Import took 0.024175 seconds .

========================================================================
Received Import Request.
  Time since last request: 0.000324 seconds.
  path: Assets/Karting/Art/Materials/Props/Ramp_45Degrees.mat
  artifactKey: Guid(1f32c3f78a92fb74cbd463be12d36318) Importer(815301076,1909f56bfc062723c751e8b465ee728b)
Start importing Assets/Karting/Art/Materials/Props/Ramp_45Degrees.mat using Guid(1f32c3f78a92fb74cbd463be12d36318) Importer(815301076,1909f56bfc062723c751e8b465ee728b)  -> (artifact id: '0234d3a24cdf35a5f8414d2406bccdab') in 0.030114 seconds
  Import took 0.033829 seconds .

========================================================================
Received Import Request.
  Time since last request: 0.000339 seconds.
  path: Assets/Karting/Art/Materials/Props/Ramp.mat
  artifactKey: Guid(e9440409ec6ee5140a3bc2a7ef24ad97) Importer(815301076,1909f56bfc062723c751e8b465ee728b)
Start importing Assets/Karting/Art/Materials/Props/Ramp.mat using Guid(e9440409ec6ee5140a3bc2a7ef24ad97) Importer(815301076,1909f56bfc062723c751e8b465ee728b)  -> (artifact id: '005423900dd8a451d9db68ad3cc05234') in 0.015600 seconds
  Import took 0.022236 seconds .

========================================================================
Received Import Request.
  Time since last request: 0.002061 seconds.
  path: Assets/Karting/Art/Models/ramp.fbx
  artifactKey: Guid(ea11a61298b6fe94bb5d1f868dafa69a) Importer(815301076,1909f56bfc062723c751e8b465ee728b)
Start importing Assets/Karting/Art/Models/ramp.fbx using Guid(ea11a61298b6fe94bb5d1f868dafa69a) Importer(815301076,1909f56bfc062723c751e8b465ee728b)  -> (artifact id: '09354e0eb96d3e9008528c1a2c0a1d13') in 0.033304 seconds
  Import took 0.037145 seconds .

========================================================================
Received Import Request.
  Time since last request: 0.000817 seconds.
  path: Assets/Karting/Art/Materials/Props/Ramp_40Degrees.mat
  artifactKey: Guid(2646fed579e23284cb86aadf4d8a9f67) Importer(815301076,1909f56bfc062723c751e8b465ee728b)
Start importing Assets/Karting/Art/Materials/Props/Ramp_40Degrees.mat using Guid(2646fed579e23284cb86aadf4d8a9f67) Importer(815301076,1909f56bfc062723c751e8b465ee728b)  -> (artifact id: '4166b284e9f0b67e95e9494eba7232dd') in 0.028880 seconds
  Import took 0.032409 seconds .

========================================================================
Received Import Request.
  Time since last request: 0.000520 seconds.
  path: Assets/Karting/Art/Materials/Props/Ramp_50Degrees.mat
  artifactKey: Guid(d8966ceb0c3988640a6d327c9a9104c7) Importer(815301076,1909f56bfc062723c751e8b465ee728b)
Start importing Assets/Karting/Art/Materials/Props/Ramp_50Degrees.mat using Guid(d8966ceb0c3988640a6d327c9a9104c7) Importer(815301076,1909f56bfc062723c751e8b465ee728b)  -> (artifact id: '6018d742becdf185fb5b47be78bc5d57') in 0.029302 seconds
  Import took 0.032658 seconds .

========================================================================
Received Import Request.
  Time since last request: 0.001953 seconds.
  path: Assets/Karting/Art/Materials/Props/Ramp_80Degrees.mat
  artifactKey: Guid(fe5271015d591d34d8c9e26cf2282294) Importer(815301076,1909f56bfc062723c751e8b465ee728b)
Start importing Assets/Karting/Art/Materials/Props/Ramp_80Degrees.mat using Guid(fe5271015d591d34d8c9e26cf2282294) Importer(815301076,1909f56bfc062723c751e8b465ee728b)  -> (artifact id: '635a3cd639ab0b8b6639010c32aa1974') in 0.025174 seconds
  Import took 0.028491 seconds .

========================================================================
Received Import Request.
  Time since last request: 0.002365 seconds.
  path: Assets/Karting/Art/Materials/Props/Ramp_60Degrees.mat
  artifactKey: Guid(ce13997e667c3584bbb93d97d59bb6eb) Importer(815301076,1909f56bfc062723c751e8b465ee728b)
Start importing Assets/Karting/Art/Materials/Props/Ramp_60Degrees.mat using Guid(ce13997e667c3584bbb93d97d59bb6eb) Importer(815301076,1909f56bfc062723c751e8b465ee728b)  -> (artifact id: '841d5fc88281980dd4d86fdc60bfd72e') in 0.029124 seconds
  Import took 0.032469 seconds .

========================================================================
Received Import Request.
  Time since last request: 0.214976 seconds.
  path: Assets/Karting/Prefabs/TrackPieces/Curved Ramps/Ramp_Curve_6_90.prefab
  artifactKey: Guid(d8d19a8284e8aae4b96d67a3124ab7c8) Importer(815301076,1909f56bfc062723c751e8b465ee728b)
Start importing Assets/Karting/Prefabs/TrackPieces/Curved Ramps/Ramp_Curve_6_90.prefab using Guid(d8d19a8284e8aae4b96d67a3124ab7c8) Importer(815301076,1909f56bfc062723c751e8b465ee728b)  -> (artifact id: 'ca7e8ae92c54aeb6c628672e016cd73e') in 0.016710 seconds
  Import took 0.022527 seconds .

========================================================================
Received Import Request.
  Time since last request: 0.001633 seconds.
  path: Assets/Karting/Prefabs/TrackPieces/Curved Ramps/Ramp_Curve_12_60.prefab
  artifactKey: Guid(d944f4d01e8814b43b9c1a69a139fd30) Importer(815301076,1909f56bfc062723c751e8b465ee728b)
Start importing Assets/Karting/Prefabs/TrackPieces/Curved Ramps/Ramp_Curve_12_60.prefab using Guid(d944f4d01e8814b43b9c1a69a139fd30) Importer(815301076,1909f56bfc062723c751e8b465ee728b)  -> (artifact id: '76a2934be4a68eb0ff619530321c8a28') in 0.011556 seconds
  Import took 0.016361 seconds .

========================================================================
Received Import Request.
  Time since last request: 0.000157 seconds.
  path: Assets/Karting/Prefabs/TrackPieces/Curved Ramps/Ramp_Curve_12_30.prefab
  artifactKey: Guid(edb63eeddf7dc2943ba5e6ff4eac49f3) Importer(815301076,1909f56bfc062723c751e8b465ee728b)
Start importing Assets/Karting/Prefabs/TrackPieces/Curved Ramps/Ramp_Curve_12_30.prefab using Guid(edb63eeddf7dc2943ba5e6ff4eac49f3) Importer(815301076,1909f56bfc062723c751e8b465ee728b)  -> (artifact id: 'aa6a533632e0e50f7472d522c6ede3dd') in 0.011190 seconds
  Import took 0.015236 seconds .

========================================================================
Received Import Request.
  Time since last request: 0.001789 seconds.
  path: Assets/Karting/Prefabs/TrackPieces/Curved Ramps/Ramp_Curve_12_90.prefab
  artifactKey: Guid(5a36f45df02ac244ca57abb7d3324acc) Importer(815301076,1909f56bfc062723c751e8b465ee728b)
Start importing Assets/Karting/Prefabs/TrackPieces/Curved Ramps/Ramp_Curve_12_90.prefab using Guid(5a36f45df02ac244ca57abb7d3324acc) Importer(815301076,1909f56bfc062723c751e8b465ee728b)  -> (artifact id: '0c0877022cb45c1305721eace3270d80') in 0.008762 seconds
  Import took 0.012086 seconds .

========================================================================
Received Import Request.
  Time since last request: 0.001015 seconds.
  path: Assets/Karting/Prefabs/TrackPieces/Ramp_Playground.prefab
  artifactKey: Guid(e47e8ca41a199c04bb4df9d428512893) Importer(815301076,1909f56bfc062723c751e8b465ee728b)
Start importing Assets/Karting/Prefabs/TrackPieces/Ramp_Playground.prefab using Guid(e47e8ca41a199c04bb4df9d428512893) Importer(815301076,1909f56bfc062723c751e8b465ee728b)  -> (artifact id: '43d6ce972f15c41b3492124b4ae0a2c3') in 0.018986 seconds
  Import took 0.022394 seconds .

========================================================================
Received Prepare
Registering precompiled user dll's ...
Registered in 0.008561 seconds.
Begin MonoManager ReloadAssembly
Native extension for WindowsStandalone target not found
Refreshing native plugins compatible for Editor in 0.81 ms, found 4 plugins.
Preloading 0 native plugins for Editor in 0.00 ms.
Invoked RoslynAnalysisRunner static constructor.
RoslynAnalysisRunner will not be running.
RoslynAnalysisRunner has terminated.
Mono: successfully reloaded assembly
- Completed reload, in  0.815 seconds
Platform modules already initialized, skipping
Refreshing native plugins compatible for Editor in 0.70 ms, found 4 plugins.
Preloading 0 native plugins for Editor in 0.00 ms.
Unloading 2559 Unused Serialized files (Serialized files now loaded: 0)
System memory in use before: 121.5 MB.
System memory in use after: 121.7 MB.

Unloading 94 unused Assets to reduce memory usage. Loaded Objects now: 3048.
Total: 1.905800 ms (FindLiveObjects: 0.223000 ms CreateObjectMapping: 0.066300 ms MarkObjects: 1.547000 ms  DeleteObjects: 0.068000 ms)

========================================================================
Received Prepare
Registering precompiled user dll's ...
Registered in 0.003102 seconds.
Begin MonoManager ReloadAssembly
Native extension for WindowsStandalone target not found
Refreshing native plugins compatible for Editor in 0.72 ms, found 4 plugins.
Preloading 0 native plugins for Editor in 0.00 ms.
Invoked RoslynAnalysisRunner static constructor.
RoslynAnalysisRunner will not be running.
RoslynAnalysisRunner has terminated.
Mono: successfully reloaded assembly
- Completed reload, in  0.565 seconds
Platform modules already initialized, skipping
Refreshing native plugins compatible for Editor in 0.72 ms, found 4 plugins.
Preloading 0 native plugins for Editor in 0.00 ms.
Unloading 2559 Unused Serialized files (Serialized files now loaded: 0)
System memory in use before: 121.5 MB.
System memory in use after: 121.7 MB.

Unloading 93 unused Assets to reduce memory usage. Loaded Objects now: 3051.
Total: 1.771500 ms (FindLiveObjects: 0.161800 ms CreateObjectMapping: 0.049900 ms MarkObjects: 1.495500 ms  DeleteObjects: 0.063100 ms)

========================================================================
Received Prepare
Registering precompiled user dll's ...
Registered in 0.003283 seconds.
Begin MonoManager ReloadAssembly
Native extension for WindowsStandalone target not found
Refreshing native plugins compatible for Editor in 0.73 ms, found 4 plugins.
Preloading 0 native plugins for Editor in 0.00 ms.
Invoked RoslynAnalysisRunner static constructor.
RoslynAnalysisRunner will not be running.
RoslynAnalysisRunner has terminated.
Mono: successfully reloaded assembly
- Completed reload, in  0.585 seconds
Platform modules already initialized, skipping
Refreshing native plugins compatible for Editor in 0.72 ms, found 4 plugins.
Preloading 0 native plugins for Editor in 0.00 ms.
Unloading 2559 Unused Serialized files (Serialized files now loaded: 0)
System memory in use before: 121.6 MB.
System memory in use after: 121.7 MB.

Unloading 93 unused Assets to reduce memory usage. Loaded Objects now: 3054.
Total: 1.884300 ms (FindLiveObjects: 0.178300 ms CreateObjectMapping: 0.055000 ms MarkObjects: 1.585500 ms  DeleteObjects: 0.064100 ms)

========================================================================
Received Import Request.
  Time since last request: 833.768700 seconds.
  path: Assets/Karting/Scripts/KartSystems/Inputs
  artifactKey: Guid(388d7848cc7573948929116b48eda9bd) Importer(815301076,1909f56bfc062723c751e8b465ee728b)
Start importing Assets/Karting/Scripts/KartSystems/Inputs using Guid(388d7848cc7573948929116b48eda9bd) Importer(815301076,1909f56bfc062723c751e8b465ee728b)  -> (artifact id: '1ce32e017282b762fed79db948a3bcb0') in 0.014311 seconds
  Import took 0.018719 seconds .

========================================================================
Received Import Request.
  Time since last request: 28.670030 seconds.
  path: Assets/Karting/Scripts/KartSystems/KartAudio/ArcadeEngineAudio.cs
  artifactKey: Guid(b89c56c8416934ca890956c349423cc8) Importer(815301076,1909f56bfc062723c751e8b465ee728b)
Start importing Assets/Karting/Scripts/KartSystems/KartAudio/ArcadeEngineAudio.cs using Guid(b89c56c8416934ca890956c349423cc8) Importer(815301076,1909f56bfc062723c751e8b465ee728b)  -> (artifact id: '0127a8a06b9c2c65fe2013694b171012') in 0.008115 seconds
  Import took 0.011189 seconds .

========================================================================
Received Import Request.
  Time since last request: 0.000371 seconds.
  path: Assets/Karting/Scripts/KartSystems/KartAudio/ArcadeEngineAudio.cs
  artifactKey: Guid(b89c56c8416934ca890956c349423cc8) Importer(815301076,1909f56bfc062723c751e8b465ee728b)
Start importing Assets/Karting/Scripts/KartSystems/KartAudio/ArcadeEngineAudio.cs using Guid(b89c56c8416934ca890956c349423cc8) Importer(815301076,1909f56bfc062723c751e8b465ee728b)  -> (artifact id: '0127a8a06b9c2c65fe2013694b171012') in 0.001956 seconds
  Import took 0.004629 seconds .

========================================================================
Received Import Request.
  Time since last request: 122.894112 seconds.
  path: Assets/Karting/Scripts/Editor/KartGame.Editor.asmdef
  artifactKey: Guid(3375b28e911dd774b90823231fc97a69) Importer(815301076,1909f56bfc062723c751e8b465ee728b)
Start importing Assets/Karting/Scripts/Editor/KartGame.Editor.asmdef using Guid(3375b28e911dd774b90823231fc97a69) Importer(815301076,1909f56bfc062723c751e8b465ee728b)  -> (artifact id: 'b520f975dfd3757063fd86b49abbb56d') in 0.008727 seconds
  Import took 0.011529 seconds .

========================================================================
Received Import Request.
  Time since last request: 63.643039 seconds.
  path: Assets/Karting/Scripts/KartGame.asmdef
  artifactKey: Guid(a54b96d5ddd2c488aadb7e2cb0921b9b) Importer(815301076,1909f56bfc062723c751e8b465ee728b)
Start importing Assets/Karting/Scripts/KartGame.asmdef using Guid(a54b96d5ddd2c488aadb7e2cb0921b9b) Importer(815301076,1909f56bfc062723c751e8b465ee728b)  -> (artifact id: '77ad9ebef48bd65e2eadd19389692ff5') in 0.002624 seconds
  Import took 0.006094 seconds .

========================================================================
Received Import Request.
  Time since last request: 0.007125 seconds.
  path: Assets/Karting/Scripts/KartGame.asmdef
  artifactKey: Guid(a54b96d5ddd2c488aadb7e2cb0921b9b) Importer(815301076,1909f56bfc062723c751e8b465ee728b)
Start importing Assets/Karting/Scripts/KartGame.asmdef using Guid(a54b96d5ddd2c488aadb7e2cb0921b9b) Importer(815301076,1909f56bfc062723c751e8b465ee728b)  -> (artifact id: '77ad9ebef48bd65e2eadd19389692ff5') in 0.002854 seconds
  Import took 0.005907 seconds .

========================================================================
Received Prepare
Registering precompiled user dll's ...
Registered in 0.008336 seconds.
Begin MonoManager ReloadAssembly
Native extension for WindowsStandalone target not found
Refreshing native plugins compatible for Editor in 1.07 ms, found 4 plugins.
Preloading 0 native plugins for Editor in 0.00 ms.
Invoked RoslynAnalysisRunner static constructor.
RoslynAnalysisRunner will not be running.
RoslynAnalysisRunner has terminated.
Mono: successfully reloaded assembly
- Completed reload, in  1.358 seconds
Platform modules already initialized, skipping
Refreshing native plugins compatible for Editor in 1.45 ms, found 4 plugins.
Preloading 0 native plugins for Editor in 0.00 ms.
Unloading 2559 Unused Serialized files (Serialized files now loaded: 0)
System memory in use before: 121.5 MB.
System memory in use after: 121.6 MB.

Unloading 93 unused Assets to reduce memory usage. Loaded Objects now: 3057.
Total: 2.507000 ms (FindLiveObjects: 0.460100 ms CreateObjectMapping: 0.100800 ms MarkObjects: 1.857400 ms  DeleteObjects: 0.086900 ms)

========================================================================
Received Prepare
Registering precompiled user dll's ...
Registered in 0.003266 seconds.
Begin MonoManager ReloadAssembly
Native extension for WindowsStandalone target not found
Refreshing native plugins compatible for Editor in 0.71 ms, found 4 plugins.
Preloading 0 native plugins for Editor in 0.00 ms.
Invoked RoslynAnalysisRunner static constructor.
RoslynAnalysisRunner will not be running.
RoslynAnalysisRunner has terminated.
Mono: successfully reloaded assembly
- Completed reload, in  0.564 seconds
Platform modules already initialized, skipping
Refreshing native plugins compatible for Editor in 0.72 ms, found 4 plugins.
Preloading 0 native plugins for Editor in 0.00 ms.
Unloading 2559 Unused Serialized files (Serialized files now loaded: 0)
System memory in use before: 121.6 MB.
System memory in use after: 121.8 MB.

Unloading 93 unused Assets to reduce memory usage. Loaded Objects now: 3060.
Total: 2.141500 ms (FindLiveObjects: 0.176300 ms CreateObjectMapping: 0.046600 ms MarkObjects: 1.855400 ms  DeleteObjects: 0.062300 ms)

========================================================================
Received Prepare
Registering precompiled user dll's ...
Registered in 0.011719 seconds.
Begin MonoManager ReloadAssembly
Native extension for WindowsStandalone target not found
Refreshing native plugins compatible for Editor in 1.11 ms, found 4 plugins.
Preloading 0 native plugins for Editor in 0.00 ms.
Invoked RoslynAnalysisRunner static constructor.
RoslynAnalysisRunner will not be running.
RoslynAnalysisRunner has terminated.
Mono: successfully reloaded assembly
- Completed reload, in  1.152 seconds
Platform modules already initialized, skipping
Refreshing native plugins compatible for Editor in 1.11 ms, found 4 plugins.
Preloading 0 native plugins for Editor in 0.00 ms.
Unloading 2559 Unused Serialized files (Serialized files now loaded: 0)
System memory in use before: 121.6 MB.
System memory in use after: 121.8 MB.

Unloading 93 unused Assets to reduce memory usage. Loaded Objects now: 3063.
Total: 2.429200 ms (FindLiveObjects: 0.439000 ms CreateObjectMapping: 0.086500 ms MarkObjects: 1.811100 ms  DeleteObjects: 0.089900 ms)

========================================================================
Received Prepare
Registering precompiled user dll's ...
Registered in 0.003230 seconds.
Begin MonoManager ReloadAssembly
Native extension for WindowsStandalone target not found
Refreshing native plugins compatible for Editor in 0.79 ms, found 4 plugins.
Preloading 0 native plugins for Editor in 0.00 ms.
Invoked RoslynAnalysisRunner static constructor.
RoslynAnalysisRunner will not be running.
RoslynAnalysisRunner has terminated.
Mono: successfully reloaded assembly
- Completed reload, in  0.583 seconds
Platform modules already initialized, skipping
Refreshing native plugins compatible for Editor in 0.72 ms, found 4 plugins.
Preloading 0 native plugins for Editor in 0.00 ms.
Unloading 2559 Unused Serialized files (Serialized files now loaded: 0)
System memory in use before: 121.6 MB.
System memory in use after: 121.8 MB.

Unloading 93 unused Assets to reduce memory usage. Loaded Objects now: 3066.
Total: 1.710400 ms (FindLiveObjects: 0.160700 ms CreateObjectMapping: 0.053700 ms MarkObjects: 1.432100 ms  DeleteObjects: 0.062600 ms)

========================================================================
Received Prepare
Registering precompiled user dll's ...
Registered in 0.003074 seconds.
Begin MonoManager ReloadAssembly
Native extension for WindowsStandalone target not found
Refreshing native plugins compatible for Editor in 0.82 ms, found 4 plugins.
Preloading 0 native plugins for Editor in 0.00 ms.
Invoked RoslynAnalysisRunner static constructor.
RoslynAnalysisRunner will not be running.
RoslynAnalysisRunner has terminated.
Mono: successfully reloaded assembly
- Completed reload, in  0.609 seconds
Platform modules already initialized, skipping
Refreshing native plugins compatible for Editor in 0.71 ms, found 4 plugins.
Preloading 0 native plugins for Editor in 0.00 ms.
Unloading 2559 Unused Serialized files (Serialized files now loaded: 0)
System memory in use before: 121.6 MB.
System memory in use after: 121.8 MB.

Unloading 93 unused Assets to reduce memory usage. Loaded Objects now: 3069.
Total: 2.324400 ms (FindLiveObjects: 0.269400 ms CreateObjectMapping: 0.075300 ms MarkObjects: 1.921100 ms  DeleteObjects: 0.057800 ms)

========================================================================
Received Prepare
Registering precompiled user dll's ...
Registered in 0.003357 seconds.
Begin MonoManager ReloadAssembly
Native extension for WindowsStandalone target not found
Refreshing native plugins compatible for Editor in 0.73 ms, found 4 plugins.
Preloading 0 native plugins for Editor in 0.00 ms.
Invoked RoslynAnalysisRunner static constructor.
RoslynAnalysisRunner will not be running.
RoslynAnalysisRunner has terminated.
Mono: successfully reloaded assembly
- Completed reload, in  0.585 seconds
Platform modules already initialized, skipping
Refreshing native plugins compatible for Editor in 0.71 ms, found 4 plugins.
Preloading 0 native plugins for Editor in 0.00 ms.
Unloading 2559 Unused Serialized files (Serialized files now loaded: 0)
System memory in use before: 121.5 MB.
System memory in use after: 121.7 MB.

Unloading 93 unused Assets to reduce memory usage. Loaded Objects now: 3072.
Total: 1.703300 ms (FindLiveObjects: 0.148400 ms CreateObjectMapping: 0.084400 ms MarkObjects: 1.410200 ms  DeleteObjects: 0.058700 ms)

========================================================================
Received Prepare
Registering precompiled user dll's ...
Registered in 0.006007 seconds.
Begin MonoManager ReloadAssembly
Native extension for WindowsStandalone target not found
Refreshing native plugins compatible for Editor in 0.72 ms, found 4 plugins.
Preloading 0 native plugins for Editor in 0.00 ms.
Invoked RoslynAnalysisRunner static constructor.
RoslynAnalysisRunner will not be running.
RoslynAnalysisRunner has terminated.
Mono: successfully reloaded assembly
- Completed reload, in  0.587 seconds
Platform modules already initialized, skipping
Refreshing native plugins compatible for Editor in 0.70 ms, found 4 plugins.
Preloading 0 native plugins for Editor in 0.00 ms.
Unloading 2559 Unused Serialized files (Serialized files now loaded: 0)
System memory in use before: 121.6 MB.
System memory in use after: 121.8 MB.

Unloading 93 unused Assets to reduce memory usage. Loaded Objects now: 3075.
Total: 1.815100 ms (FindLiveObjects: 0.283100 ms CreateObjectMapping: 0.092600 ms MarkObjects: 1.375800 ms  DeleteObjects: 0.062200 ms)

========================================================================
Received Prepare
Registering precompiled user dll's ...
Registered in 0.010693 seconds.
Begin MonoManager ReloadAssembly
Native extension for WindowsStandalone target not found
Refreshing native plugins compatible for Editor in 1.25 ms, found 4 plugins.
Preloading 0 native plugins for Editor in 0.00 ms.
Invoked RoslynAnalysisRunner static constructor.
RoslynAnalysisRunner will not be running.
RoslynAnalysisRunner has terminated.
Mono: successfully reloaded assembly
- Completed reload, in  1.142 seconds
Platform modules already initialized, skipping
Refreshing native plugins compatible for Editor in 1.30 ms, found 4 plugins.
Preloading 0 native plugins for Editor in 0.00 ms.
Unloading 2559 Unused Serialized files (Serialized files now loaded: 0)
System memory in use before: 121.6 MB.
System memory in use after: 121.8 MB.

Unloading 93 unused Assets to reduce memory usage. Loaded Objects now: 3078.
Total: 3.461400 ms (FindLiveObjects: 0.611300 ms CreateObjectMapping: 0.181500 ms MarkObjects: 2.551100 ms  DeleteObjects: 0.115100 ms)

========================================================================
Received Prepare
Registering precompiled user dll's ...
Registered in 0.003165 seconds.
Begin MonoManager ReloadAssembly
Native extension for WindowsStandalone target not found
Refreshing native plugins compatible for Editor in 0.77 ms, found 4 plugins.
Preloading 0 native plugins for Editor in 0.00 ms.
Invoked RoslynAnalysisRunner static constructor.
RoslynAnalysisRunner will not be running.
RoslynAnalysisRunner has terminated.
Mono: successfully reloaded assembly
- Completed reload, in  0.587 seconds
Platform modules already initialized, skipping
Refreshing native plugins compatible for Editor in 0.81 ms, found 4 plugins.
Preloading 0 native plugins for Editor in 0.00 ms.
Unloading 2559 Unused Serialized files (Serialized files now loaded: 0)
System memory in use before: 121.6 MB.
System memory in use after: 121.8 MB.

Unloading 93 unused Assets to reduce memory usage. Loaded Objects now: 3081.
Total: 2.325100 ms (FindLiveObjects: 0.208200 ms CreateObjectMapping: 0.063600 ms MarkObjects: 1.985800 ms  DeleteObjects: 0.065900 ms)

========================================================================
Received Prepare
Registering precompiled user dll's ...
Registered in 0.003455 seconds.
Begin MonoManager ReloadAssembly
Native extension for WindowsStandalone target not found
Refreshing native plugins compatible for Editor in 0.73 ms, found 4 plugins.
Preloading 0 native plugins for Editor in 0.00 ms.
Invoked RoslynAnalysisRunner static constructor.
RoslynAnalysisRunner will not be running.
RoslynAnalysisRunner has terminated.
Mono: successfully reloaded assembly
- Completed reload, in  0.596 seconds
Platform modules already initialized, skipping
Refreshing native plugins compatible for Editor in 0.73 ms, found 4 plugins.
Preloading 0 native plugins for Editor in 0.00 ms.
Unloading 2559 Unused Serialized files (Serialized files now loaded: 0)
System memory in use before: 121.6 MB.
System memory in use after: 121.8 MB.

Unloading 93 unused Assets to reduce memory usage. Loaded Objects now: 3084.
Total: 1.662000 ms (FindLiveObjects: 0.175300 ms CreateObjectMapping: 0.054100 ms MarkObjects: 1.374000 ms  DeleteObjects: 0.057800 ms)

========================================================================
Received Prepare
Registering precompiled user dll's ...
Registered in 0.009631 seconds.
Begin MonoManager ReloadAssembly
Native extension for WindowsStandalone target not found
Refreshing native plugins compatible for Editor in 1.15 ms, found 4 plugins.
Preloading 0 native plugins for Editor in 0.00 ms.
Invoked RoslynAnalysisRunner static constructor.
RoslynAnalysisRunner will not be running.
RoslynAnalysisRunner has terminated.
Mono: successfully reloaded assembly
- Completed reload, in  1.131 seconds
Platform modules already initialized, skipping
Refreshing native plugins compatible for Editor in 1.23 ms, found 4 plugins.
Preloading 0 native plugins for Editor in 0.00 ms.
Unloading 2559 Unused Serialized files (Serialized files now loaded: 0)
System memory in use before: 121.5 MB.
System memory in use after: 121.7 MB.

Unloading 93 unused Assets to reduce memory usage. Loaded Objects now: 3087.
Total: 3.283400 ms (FindLiveObjects: 0.509400 ms CreateObjectMapping: 0.094300 ms MarkObjects: 2.552900 ms  DeleteObjects: 0.124800 ms)

========================================================================
Received Prepare
Registering precompiled user dll's ...
Registered in 0.003218 seconds.
Begin MonoManager ReloadAssembly
Native extension for WindowsStandalone target not found
Refreshing native plugins compatible for Editor in 0.73 ms, found 4 plugins.
Preloading 0 native plugins for Editor in 0.00 ms.
Invoked RoslynAnalysisRunner static constructor.
RoslynAnalysisRunner will not be running.
RoslynAnalysisRunner has terminated.
Mono: successfully reloaded assembly
- Completed reload, in  0.591 seconds
Platform modules already initialized, skipping
Refreshing native plugins compatible for Editor in 0.69 ms, found 4 plugins.
Preloading 0 native plugins for Editor in 0.00 ms.
Unloading 2559 Unused Serialized files (Serialized files now loaded: 0)
System memory in use before: 121.6 MB.
System memory in use after: 121.8 MB.

Unloading 93 unused Assets to reduce memory usage. Loaded Objects now: 3090.
Total: 1.603600 ms (FindLiveObjects: 0.163300 ms CreateObjectMapping: 0.056200 ms MarkObjects: 1.328300 ms  DeleteObjects: 0.054900 ms)

========================================================================
Received Prepare
Registering precompiled user dll's ...
Registered in 0.003170 seconds.
Begin MonoManager ReloadAssembly
Native extension for WindowsStandalone target not found
Refreshing native plugins compatible for Editor in 0.72 ms, found 4 plugins.
Preloading 0 native plugins for Editor in 0.00 ms.
Invoked RoslynAnalysisRunner static constructor.
RoslynAnalysisRunner will not be running.
RoslynAnalysisRunner has terminated.
Mono: successfully reloaded assembly
- Completed reload, in  0.577 seconds
Platform modules already initialized, skipping
Refreshing native plugins compatible for Editor in 0.69 ms, found 4 plugins.
Preloading 0 native plugins for Editor in 0.00 ms.
Unloading 2559 Unused Serialized files (Serialized files now loaded: 0)
System memory in use before: 121.6 MB.
System memory in use after: 121.8 MB.

Unloading 93 unused Assets to reduce memory usage. Loaded Objects now: 3093.
Total: 2.369400 ms (FindLiveObjects: 0.271700 ms CreateObjectMapping: 0.080700 ms MarkObjects: 1.941300 ms  DeleteObjects: 0.073400 ms)

========================================================================
Received Import Request.
  Time since last request: 2176.944783 seconds.
  path: Assets/Karting/Scripts/UI/DisplayMessageManager.cs
  artifactKey: Guid(f05022e63392c3c499c70ac5ae3b5d4d) Importer(815301076,1909f56bfc062723c751e8b465ee728b)
Start importing Assets/Karting/Scripts/UI/DisplayMessageManager.cs using Guid(f05022e63392c3c499c70ac5ae3b5d4d) Importer(815301076,1909f56bfc062723c751e8b465ee728b)  -> (artifact id: '77657727b131efc9ac229ed0481e328d') in 0.011306 seconds
  Import took 0.014187 seconds .

========================================================================
Received Import Request.
  Time since last request: 4.243219 seconds.
  path: Assets/Karting/Scripts/UI/DisplayMessage.cs
  artifactKey: Guid(ea4170175d245c6409bb0cb4cc7b2c5f) Importer(815301076,1909f56bfc062723c751e8b465ee728b)
Start importing Assets/Karting/Scripts/UI/DisplayMessage.cs using Guid(ea4170175d245c6409bb0cb4cc7b2c5f) Importer(815301076,1909f56bfc062723c751e8b465ee728b)  -> (artifact id: 'ae5cb94712eaee63f5de50600a79bf9d') in 0.005931 seconds
  Import took 0.008689 seconds .

========================================================================
Received Import Request.
  Time since last request: 0.010991 seconds.
  path: Assets/Karting/Scripts/UI/DisplayMessage.cs
  artifactKey: Guid(ea4170175d245c6409bb0cb4cc7b2c5f) Importer(815301076,1909f56bfc062723c751e8b465ee728b)
Start importing Assets/Karting/Scripts/UI/DisplayMessage.cs using Guid(ea4170175d245c6409bb0cb4cc7b2c5f) Importer(815301076,1909f56bfc062723c751e8b465ee728b)  -> (artifact id: 'ae5cb94712eaee63f5de50600a79bf9d') in 0.001804 seconds
  Import took 0.004938 seconds .

========================================================================
Received Import Request.
  Time since last request: 42.063569 seconds.
  path: Assets/Karting/Scripts/AI
  artifactKey: Guid(c62ae5b3cabb846adaad28c257f53795) Importer(815301076,1909f56bfc062723c751e8b465ee728b)
Start importing Assets/Karting/Scripts/AI using Guid(c62ae5b3cabb846adaad28c257f53795) Importer(815301076,1909f56bfc062723c751e8b465ee728b)  -> (artifact id: '148f2a794fec12f6df767f481beaf992') in 0.010472 seconds
  Import took 0.013303 seconds .

========================================================================
Received Prepare
Registering precompiled user dll's ...
Registered in 0.024189 seconds.
Begin MonoManager ReloadAssembly
Native extension for WindowsStandalone target not found
Refreshing native plugins compatible for Editor in 0.78 ms, found 4 plugins.
Preloading 0 native plugins for Editor in 0.00 ms.
Invoked RoslynAnalysisRunner static constructor.
RoslynAnalysisRunner will not be running.
RoslynAnalysisRunner has terminated.
Mono: successfully reloaded assembly
- Completed reload, in  0.558 seconds
Platform modules already initialized, skipping
Refreshing native plugins compatible for Editor in 0.78 ms, found 4 plugins.
Preloading 0 native plugins for Editor in 0.00 ms.
Unloading 2559 Unused Serialized files (Serialized files now loaded: 0)
System memory in use before: 121.6 MB.
System memory in use after: 121.8 MB.

Unloading 93 unused Assets to reduce memory usage. Loaded Objects now: 3096.
Total: 1.761300 ms (FindLiveObjects: 0.164500 ms CreateObjectMapping: 0.052300 ms MarkObjects: 1.477900 ms  DeleteObjects: 0.065600 ms)

========================================================================
Received Prepare
Registering precompiled user dll's ...
Registered in 0.003421 seconds.
Begin MonoManager ReloadAssembly
Native extension for WindowsStandalone target not found
Refreshing native plugins compatible for Editor in 0.74 ms, found 4 plugins.
Preloading 0 native plugins for Editor in 0.00 ms.
Invoked RoslynAnalysisRunner static constructor.
RoslynAnalysisRunner will not be running.
RoslynAnalysisRunner has terminated.
Mono: successfully reloaded assembly
- Completed reload, in  0.595 seconds
Platform modules already initialized, skipping
Refreshing native plugins compatible for Editor in 0.89 ms, found 4 plugins.
Preloading 0 native plugins for Editor in 0.00 ms.
Unloading 2559 Unused Serialized files (Serialized files now loaded: 0)
System memory in use before: 121.7 MB.
System memory in use after: 121.8 MB.

Unloading 93 unused Assets to reduce memory usage. Loaded Objects now: 3099.
Total: 2.351200 ms (FindLiveObjects: 0.545400 ms CreateObjectMapping: 0.103600 ms MarkObjects: 1.622600 ms  DeleteObjects: 0.077600 ms)

========================================================================
Received Prepare
Registering precompiled user dll's ...
Registered in 0.020113 seconds.
Begin MonoManager ReloadAssembly
Native extension for WindowsStandalone target not found
Refreshing native plugins compatible for Editor in 0.75 ms, found 4 plugins.
Preloading 0 native plugins for Editor in 0.00 ms.
Invoked RoslynAnalysisRunner static constructor.
RoslynAnalysisRunner will not be running.
RoslynAnalysisRunner has terminated.
Mono: successfully reloaded assembly
- Completed reload, in  0.808 seconds
Platform modules already initialized, skipping
Refreshing native plugins compatible for Editor in 0.77 ms, found 4 plugins.
Preloading 0 native plugins for Editor in 0.00 ms.
Unloading 2559 Unused Serialized files (Serialized files now loaded: 0)
System memory in use before: 121.6 MB.
System memory in use after: 121.8 MB.

Unloading 93 unused Assets to reduce memory usage. Loaded Objects now: 3102.
Total: 1.781500 ms (FindLiveObjects: 0.227100 ms CreateObjectMapping: 0.056200 ms MarkObjects: 1.431200 ms  DeleteObjects: 0.065100 ms)

========================================================================
Received Prepare
Registering precompiled user dll's ...
Registered in 0.003566 seconds.
Begin MonoManager ReloadAssembly
Native extension for WindowsStandalone target not found
Refreshing native plugins compatible for Editor in 0.76 ms, found 4 plugins.
Preloading 0 native plugins for Editor in 0.00 ms.
Invoked RoslynAnalysisRunner static constructor.
RoslynAnalysisRunner will not be running.
RoslynAnalysisRunner has terminated.
Mono: successfully reloaded assembly
- Completed reload, in  0.594 seconds
Platform modules already initialized, skipping
Refreshing native plugins compatible for Editor in 0.79 ms, found 4 plugins.
Preloading 0 native plugins for Editor in 0.00 ms.
Unloading 2559 Unused Serialized files (Serialized files now loaded: 0)
System memory in use before: 121.7 MB.
System memory in use after: 121.9 MB.

Unloading 93 unused Assets to reduce memory usage. Loaded Objects now: 3105.
Total: 1.824900 ms (FindLiveObjects: 0.178100 ms CreateObjectMapping: 0.059300 ms MarkObjects: 1.518700 ms  DeleteObjects: 0.067500 ms)

========================================================================
Received Prepare
Registering precompiled user dll's ...
Registered in 0.004325 seconds.
Begin MonoManager ReloadAssembly
Native extension for WindowsStandalone target not found
Refreshing native plugins compatible for Editor in 0.78 ms, found 4 plugins.
Preloading 0 native plugins for Editor in 0.00 ms.
Invoked RoslynAnalysisRunner static constructor.
RoslynAnalysisRunner will not be running.
RoslynAnalysisRunner has terminated.
Mono: successfully reloaded assembly
- Completed reload, in  0.608 seconds
Platform modules already initialized, skipping
Refreshing native plugins compatible for Editor in 0.75 ms, found 4 plugins.
Preloading 0 native plugins for Editor in 0.00 ms.
Unloading 2559 Unused Serialized files (Serialized files now loaded: 0)
System memory in use before: 121.7 MB.
System memory in use after: 121.9 MB.

Unloading 93 unused Assets to reduce memory usage. Loaded Objects now: 3108.
Total: 1.709800 ms (FindLiveObjects: 0.177600 ms CreateObjectMapping: 0.057300 ms MarkObjects: 1.416600 ms  DeleteObjects: 0.057600 ms)

========================================================================
Received Prepare
Registering precompiled user dll's ...
Registered in 0.034335 seconds.
Begin MonoManager ReloadAssembly
Native extension for WindowsStandalone target not found
Refreshing native plugins compatible for Editor in 1.17 ms, found 4 plugins.
Preloading 0 native plugins for Editor in 0.00 ms.
Invoked RoslynAnalysisRunner static constructor.
RoslynAnalysisRunner will not be running.
RoslynAnalysisRunner has terminated.
Mono: successfully reloaded assembly
- Completed reload, in  2.538 seconds
Platform modules already initialized, skipping
Refreshing native plugins compatible for Editor in 0.72 ms, found 4 plugins.
Preloading 0 native plugins for Editor in 0.00 ms.
Unloading 2559 Unused Serialized files (Serialized files now loaded: 0)
System memory in use before: 121.7 MB.
System memory in use after: 121.9 MB.

Unloading 93 unused Assets to reduce memory usage. Loaded Objects now: 3111.
Total: 1.808900 ms (FindLiveObjects: 0.192200 ms CreateObjectMapping: 0.057100 ms MarkObjects: 1.492300 ms  DeleteObjects: 0.065700 ms)

========================================================================
Received Prepare
Registering precompiled user dll's ...
Registered in 0.006109 seconds.
Begin MonoManager ReloadAssembly
Native extension for WindowsStandalone target not found
Refreshing native plugins compatible for Editor in 1.11 ms, found 4 plugins.
Preloading 0 native plugins for Editor in 0.00 ms.
Invoked RoslynAnalysisRunner static constructor.
RoslynAnalysisRunner will not be running.
RoslynAnalysisRunner has terminated.
Mono: successfully reloaded assembly
- Completed reload, in  1.237 seconds
Platform modules already initialized, skipping
Refreshing native plugins compatible for Editor in 1.18 ms, found 4 plugins.
Preloading 0 native plugins for Editor in 0.00 ms.
Unloading 2559 Unused Serialized files (Serialized files now loaded: 0)
System memory in use before: 121.7 MB.
System memory in use after: 121.9 MB.

Unloading 93 unused Assets to reduce memory usage. Loaded Objects now: 3114.
Total: 2.975500 ms (FindLiveObjects: 0.763400 ms CreateObjectMapping: 0.303800 ms MarkObjects: 1.822000 ms  DeleteObjects: 0.084900 ms)

========================================================================
Received Prepare
Registering precompiled user dll's ...
Registered in 0.009169 seconds.
Begin MonoManager ReloadAssembly
Native extension for WindowsStandalone target not found
Refreshing native plugins compatible for Editor in 1.10 ms, found 4 plugins.
Preloading 0 native plugins for Editor in 0.00 ms.
Invoked RoslynAnalysisRunner static constructor.
RoslynAnalysisRunner will not be running.
RoslynAnalysisRunner has terminated.
Mono: successfully reloaded assembly
- Completed reload, in  1.213 seconds
Platform modules already initialized, skipping
Refreshing native plugins compatible for Editor in 1.20 ms, found 4 plugins.
Preloading 0 native plugins for Editor in 0.00 ms.
Unloading 2559 Unused Serialized files (Serialized files now loaded: 0)
System memory in use before: 121.6 MB.
System memory in use after: 121.8 MB.

Unloading 93 unused Assets to reduce memory usage. Loaded Objects now: 3117.
Total: 3.129800 ms (FindLiveObjects: 0.555200 ms CreateObjectMapping: 0.148200 ms MarkObjects: 2.320100 ms  DeleteObjects: 0.104500 ms)

========================================================================
Received Prepare
Registering precompiled user dll's ...
Registered in 0.006855 seconds.
Begin MonoManager ReloadAssembly
Native extension for WindowsStandalone target not found
Refreshing native plugins compatible for Editor in 1.11 ms, found 4 plugins.
Preloading 0 native plugins for Editor in 0.00 ms.
Invoked RoslynAnalysisRunner static constructor.
RoslynAnalysisRunner will not be running.
RoslynAnalysisRunner has terminated.
Mono: successfully reloaded assembly
- Completed reload, in  1.211 seconds
Platform modules already initialized, skipping
Refreshing native plugins compatible for Editor in 1.10 ms, found 4 plugins.
Preloading 0 native plugins for Editor in 0.00 ms.
Unloading 2559 Unused Serialized files (Serialized files now loaded: 0)
System memory in use before: 121.7 MB.
System memory in use after: 121.9 MB.

Unloading 93 unused Assets to reduce memory usage. Loaded Objects now: 3120.
Total: 2.684700 ms (FindLiveObjects: 0.691300 ms CreateObjectMapping: 0.085700 ms MarkObjects: 1.812500 ms  DeleteObjects: 0.093500 ms)

========================================================================
Received Prepare
Registering precompiled user dll's ...
Registered in 0.003374 seconds.
Begin MonoManager ReloadAssembly
Native extension for WindowsStandalone target not found
Refreshing native plugins compatible for Editor in 0.71 ms, found 4 plugins.
Preloading 0 native plugins for Editor in 0.00 ms.
Invoked RoslynAnalysisRunner static constructor.
RoslynAnalysisRunner will not be running.
RoslynAnalysisRunner has terminated.
Mono: successfully reloaded assembly
- Completed reload, in  0.588 seconds
Platform modules already initialized, skipping
Refreshing native plugins compatible for Editor in 0.79 ms, found 4 plugins.
Preloading 0 native plugins for Editor in 0.00 ms.
Unloading 2559 Unused Serialized files (Serialized files now loaded: 0)
System memory in use before: 121.8 MB.
System memory in use after: 121.9 MB.

Unloading 93 unused Assets to reduce memory usage. Loaded Objects now: 3123.
Total: 2.189600 ms (FindLiveObjects: 0.189100 ms CreateObjectMapping: 0.070200 ms MarkObjects: 1.845700 ms  DeleteObjects: 0.083500 ms)

========================================================================
Received Prepare
Registering precompiled user dll's ...
Registered in 0.012091 seconds.
Begin MonoManager ReloadAssembly
Native extension for WindowsStandalone target not found
Refreshing native plugins compatible for Editor in 1.23 ms, found 4 plugins.
Preloading 0 native plugins for Editor in 0.00 ms.
Invoked RoslynAnalysisRunner static constructor.
RoslynAnalysisRunner will not be running.
RoslynAnalysisRunner has terminated.
Mono: successfully reloaded assembly
- Completed reload, in  1.274 seconds
Platform modules already initialized, skipping
Refreshing native plugins compatible for Editor in 1.13 ms, found 4 plugins.
Preloading 0 native plugins for Editor in 0.00 ms.
Unloading 2559 Unused Serialized files (Serialized files now loaded: 0)
System memory in use before: 121.8 MB.
System memory in use after: 121.9 MB.

Unloading 93 unused Assets to reduce memory usage. Loaded Objects now: 3126.
Total: 2.398100 ms (FindLiveObjects: 0.506400 ms CreateObjectMapping: 0.103600 ms MarkObjects: 1.695100 ms  DeleteObjects: 0.091400 ms)

AssetImportWorkerClient::OnTransportError - code=2 error=End of file
